"X","crop","year","yield","net_change","genres","mean_ratings","count"
3,"maize",1983,38091.6184557769,-4258.444292387,"Action",6.72319391634981,1315
3,"maize",1983,38091.6184557769,-4258.444292387,"Adult",5.69228295819936,311
3,"maize",1983,38091.6184557769,-4258.444292387,"Adventure",6.84428672817601,1409
3,"maize",1983,38091.6184557769,-4258.444292387,"Animation",6.9119512195122,1230
3,"maize",1983,38091.6184557769,-4258.444292387,"Biography",7.19507042253521,142
3,"maize",1983,38091.6184557769,-4258.444292387,"Comedy",6.8160472972973,2368
3,"maize",1983,38091.6184557769,-4258.444292387,"Crime",6.99142185663925,851
3,"maize",1983,38091.6184557769,-4258.444292387,"Documentary",7.24748490945674,497
3,"maize",1983,38091.6184557769,-4258.444292387,"Drama",6.83731836195509,3028
3,"maize",1983,38091.6184557769,-4258.444292387,"Family",6.99075025693731,973
3,"maize",1983,38091.6184557769,-4258.444292387,"Fantasy",6.62304832713755,269
3,"maize",1983,38091.6184557769,-4258.444292387,"History",7.32268041237113,194
3,"maize",1983,38091.6184557769,-4258.444292387,"Horror",5.675,208
3,"maize",1983,38091.6184557769,-4258.444292387,"Music",6.97774294670846,319
3,"maize",1983,38091.6184557769,-4258.444292387,"Musical",6.44655172413793,116
3,"maize",1983,38091.6184557769,-4258.444292387,"Mystery",6.84221453287197,289
3,"maize",1983,38091.6184557769,-4258.444292387,"Other",6.83473684210527,95
3,"maize",1983,38091.6184557769,-4258.444292387,"Romance",6.75363489499192,619
3,"maize",1983,38091.6184557769,-4258.444292387,"Sci-Fi",6.13406593406593,182
3,"maize",1983,38091.6184557769,-4258.444292387,"Short",6.41658291457286,398
3,"maize",1983,38091.6184557769,-4258.444292387,"Sport",6.51884057971014,69
3,"maize",1983,38091.6184557769,-4258.444292387,"Talk-Show",7.43614457831325,83
3,"maize",1983,38091.6184557769,-4258.444292387,"Thriller",6.0073732718894,217
3,"maize",1983,38091.6184557769,-4258.444292387,"War",6.95534591194969,159
4,"maize",1984,41980.8969392404,3889.2784834635,"Action",6.625,1240
4,"maize",1984,41980.8969392404,3889.2784834635,"Adult",5.73542168674699,415
4,"maize",1984,41980.8969392404,3889.2784834635,"Adventure",6.71043239533288,1457
4,"maize",1984,41980.8969392404,3889.2784834635,"Animation",6.68136117556071,1293
4,"maize",1984,41980.8969392404,3889.2784834635,"Biography",7.0965811965812,117
4,"maize",1984,41980.8969392404,3889.2784834635,"Comedy",6.78380097268986,2673
4,"maize",1984,41980.8969392404,3889.2784834635,"Crime",7.0567940552017,942
4,"maize",1984,41980.8969392404,3889.2784834635,"Documentary",7.17251732101617,433
4,"maize",1984,41980.8969392404,3889.2784834635,"Drama",6.84439083232811,3316
4,"maize",1984,41980.8969392404,3889.2784834635,"Family",7.06043388429752,968
4,"maize",1984,41980.8969392404,3889.2784834635,"Fantasy",6.73309090909091,275
4,"maize",1984,41980.8969392404,3889.2784834635,"History",7.40174672489083,229
4,"maize",1984,41980.8969392404,3889.2784834635,"Horror",5.73938053097345,226
4,"maize",1984,41980.8969392404,3889.2784834635,"Music",7.0469696969697,330
4,"maize",1984,41980.8969392404,3889.2784834635,"Musical",6.58225806451613,124
4,"maize",1984,41980.8969392404,3889.2784834635,"Mystery",6.96132404181185,287
4,"maize",1984,41980.8969392404,3889.2784834635,"Other",7.086,100
4,"maize",1984,41980.8969392404,3889.2784834635,"Romance",6.7110119047619,672
4,"maize",1984,41980.8969392404,3889.2784834635,"Sci-Fi",6.20175438596491,228
4,"maize",1984,41980.8969392404,3889.2784834635,"Short",6.56414141414141,396
4,"maize",1984,41980.8969392404,3889.2784834635,"Sport",6.46181818181818,110
4,"maize",1984,41980.8969392404,3889.2784834635,"Talk-Show",7.53382352941177,68
4,"maize",1984,41980.8969392404,3889.2784834635,"Thriller",5.98177966101695,236
4,"maize",1984,41980.8969392404,3889.2784834635,"War",6.84803149606299,127
5,"maize",1985,43999.0925270468,2018.1955878064,"Action",6.7241550695825,2012
5,"maize",1985,43999.0925270468,2018.1955878064,"Adult",6.00251798561151,556
5,"maize",1985,43999.0925270468,2018.1955878064,"Adventure",6.8415626695605,1843
5,"maize",1985,43999.0925270468,2018.1955878064,"Animation",6.95957224830464,1917
5,"maize",1985,43999.0925270468,2018.1955878064,"Biography",6.88173076923077,104
5,"maize",1985,43999.0925270468,2018.1955878064,"Comedy",6.82630780894617,2638
5,"maize",1985,43999.0925270468,2018.1955878064,"Crime",6.92310821806347,1229
5,"maize",1985,43999.0925270468,2018.1955878064,"Documentary",7.22767676767677,495
5,"maize",1985,43999.0925270468,2018.1955878064,"Drama",6.89484536082474,3589
5,"maize",1985,43999.0925270468,2018.1955878064,"Family",7.24643527204503,1066
5,"maize",1985,43999.0925270468,2018.1955878064,"Fantasy",6.78821917808219,365
5,"maize",1985,43999.0925270468,2018.1955878064,"History",7.40054347826087,184
5,"maize",1985,43999.0925270468,2018.1955878064,"Horror",5.4780701754386,228
5,"maize",1985,43999.0925270468,2018.1955878064,"Music",7.28409090909091,352
5,"maize",1985,43999.0925270468,2018.1955878064,"Musical",6.38849557522124,113
5,"maize",1985,43999.0925270468,2018.1955878064,"Mystery",7.07004950495049,404
5,"maize",1985,43999.0925270468,2018.1955878064,"Other",7.07261904761905,84
5,"maize",1985,43999.0925270468,2018.1955878064,"Romance",6.74799025578563,821
5,"maize",1985,43999.0925270468,2018.1955878064,"Sci-Fi",6.42783882783883,273
5,"maize",1985,43999.0925270468,2018.1955878064,"Short",6.38545454545455,440
5,"maize",1985,43999.0925270468,2018.1955878064,"Sport",6.15925925925926,108
5,"maize",1985,43999.0925270468,2018.1955878064,"Talk-Show",7.21428571428571,84
5,"maize",1985,43999.0925270468,2018.1955878064,"Thriller",6.03032786885246,244
5,"maize",1985,43999.0925270468,2018.1955878064,"War",6.71301369863014,146
6,"maize",1986,44704.7489446271,705.6564175803,"Action",6.86908442330559,1682
6,"maize",1986,44704.7489446271,705.6564175803,"Adult",5.97558139534884,516
6,"maize",1986,44704.7489446271,705.6564175803,"Adventure",6.95258413461538,1664
6,"maize",1986,44704.7489446271,705.6564175803,"Animation",7.05661467359908,1731
6,"maize",1986,44704.7489446271,705.6564175803,"Biography",7.04265734265734,143
6,"maize",1986,44704.7489446271,705.6564175803,"Comedy",6.86066291432145,3198
6,"maize",1986,44704.7489446271,705.6564175803,"Crime",6.88852188274154,1211
6,"maize",1986,44704.7489446271,705.6564175803,"Documentary",7.21708428246014,439
6,"maize",1986,44704.7489446271,705.6564175803,"Drama",6.86050972869279,3649
6,"maize",1986,44704.7489446271,705.6564175803,"Family",7.09429477020602,1262
6,"maize",1986,44704.7489446271,705.6564175803,"Fantasy",6.74244791666667,384
6,"maize",1986,44704.7489446271,705.6564175803,"History",7.22477064220184,109
6,"maize",1986,44704.7489446271,705.6564175803,"Horror",5.60431654676259,278
6,"maize",1986,44704.7489446271,705.6564175803,"Music",6.88646864686469,303
6,"maize",1986,44704.7489446271,705.6564175803,"Musical",6.78561151079137,139
6,"maize",1986,44704.7489446271,705.6564175803,"Mystery",7.1,329
6,"maize",1986,44704.7489446271,705.6564175803,"Other",6.38133333333333,75
6,"maize",1986,44704.7489446271,705.6564175803,"Romance",6.6387969924812,665
6,"maize",1986,44704.7489446271,705.6564175803,"Sci-Fi",6.46024096385542,249
6,"maize",1986,44704.7489446271,705.6564175803,"Short",6.54436781609195,435
6,"maize",1986,44704.7489446271,705.6564175803,"Sport",6.15967741935484,124
6,"maize",1986,44704.7489446271,705.6564175803,"Talk-Show",7.56818181818182,66
6,"maize",1986,44704.7489446271,705.6564175803,"Thriller",5.87671755725191,262
6,"maize",1986,44704.7489446271,705.6564175803,"War",6.4368932038835,103
7,"maize",1987,44683.0005381349,-21.7484064922028,"Action",6.61731946144431,1634
7,"maize",1987,44683.0005381349,-21.7484064922028,"Adult",5.9877358490566,424
7,"maize",1987,44683.0005381349,-21.7484064922028,"Adventure",6.93403068340307,1434
7,"maize",1987,44683.0005381349,-21.7484064922028,"Animation",7.10102105934907,1567
7,"maize",1987,44683.0005381349,-21.7484064922028,"Biography",7.15826771653543,127
7,"maize",1987,44683.0005381349,-21.7484064922028,"Comedy",6.87992125984252,3302
7,"maize",1987,44683.0005381349,-21.7484064922028,"Crime",6.9263109475621,1087
7,"maize",1987,44683.0005381349,-21.7484064922028,"Documentary",7.40018450184502,542
7,"maize",1987,44683.0005381349,-21.7484064922028,"Drama",6.90586473671076,4007
7,"maize",1987,44683.0005381349,-21.7484064922028,"Family",7.2551328068916,1393
7,"maize",1987,44683.0005381349,-21.7484064922028,"Fantasy",6.5676844783715,393
7,"maize",1987,44683.0005381349,-21.7484064922028,"History",7.2379679144385,187
7,"maize",1987,44683.0005381349,-21.7484064922028,"Horror",5.61568123393316,389
7,"maize",1987,44683.0005381349,-21.7484064922028,"Music",7.25296167247387,287
7,"maize",1987,44683.0005381349,-21.7484064922028,"Musical",6.61875,112
7,"maize",1987,44683.0005381349,-21.7484064922028,"Mystery",7.12184684684685,444
7,"maize",1987,44683.0005381349,-21.7484064922028,"Other",6.56206896551724,87
7,"maize",1987,44683.0005381349,-21.7484064922028,"Romance",6.96394176931691,893
7,"maize",1987,44683.0005381349,-21.7484064922028,"Sci-Fi",6.31274509803922,306
7,"maize",1987,44683.0005381349,-21.7484064922028,"Short",6.54635627530364,494
7,"maize",1987,44683.0005381349,-21.7484064922028,"Sport",6.15645161290323,124
7,"maize",1987,44683.0005381349,-21.7484064922028,"Talk-Show",7.27741935483871,93
7,"maize",1987,44683.0005381349,-21.7484064922028,"Thriller",5.91350482315113,311
7,"maize",1987,44683.0005381349,-21.7484064922028,"War",6.9525,160
8,"maize",1988,41759.3672673926,-2923.6332707423,"Action",6.45193798449612,1419
8,"maize",1988,41759.3672673926,-2923.6332707423,"Adult",6.05983827493261,371
8,"maize",1988,41759.3672673926,-2923.6332707423,"Adventure",6.89118165784832,1134
8,"maize",1988,41759.3672673926,-2923.6332707423,"Animation",6.96361538461538,1300
8,"maize",1988,41759.3672673926,-2923.6332707423,"Biography",7.12112676056338,142
8,"maize",1988,41759.3672673926,-2923.6332707423,"Comedy",6.82293781725888,3152
8,"maize",1988,41759.3672673926,-2923.6332707423,"Crime",6.83842105263158,1140
8,"maize",1988,41759.3672673926,-2923.6332707423,"Documentary",7.04599659284497,587
8,"maize",1988,41759.3672673926,-2923.6332707423,"Drama",6.908,3775
8,"maize",1988,41759.3672673926,-2923.6332707423,"Family",7.26961038961039,1155
8,"maize",1988,41759.3672673926,-2923.6332707423,"Fantasy",6.65574837310195,461
8,"maize",1988,41759.3672673926,-2923.6332707423,"History",7.57107438016529,242
8,"maize",1988,41759.3672673926,-2923.6332707423,"Horror",5.63943965517241,464
8,"maize",1988,41759.3672673926,-2923.6332707423,"Music",7.1522491349481,289
8,"maize",1988,41759.3672673926,-2923.6332707423,"Musical",6.38709677419355,93
8,"maize",1988,41759.3672673926,-2923.6332707423,"Mystery",6.95885947046843,491
8,"maize",1988,41759.3672673926,-2923.6332707423,"Other",6.60344827586207,116
8,"maize",1988,41759.3672673926,-2923.6332707423,"Romance",6.88479467258602,901
8,"maize",1988,41759.3672673926,-2923.6332707423,"Sci-Fi",6.28429487179487,312
8,"maize",1988,41759.3672673926,-2923.6332707423,"Short",6.60202839756592,493
8,"maize",1988,41759.3672673926,-2923.6332707423,"Sport",6.43790322580645,124
8,"maize",1988,41759.3672673926,-2923.6332707423,"Talk-Show",7.5,70
8,"maize",1988,41759.3672673926,-2923.6332707423,"Thriller",6.07379679144385,374
8,"maize",1988,41759.3672673926,-2923.6332707423,"War",6.8719806763285,207
9,"maize",1989,45598.7358732149,3839.3686058223,"Action",6.55250596658711,1676
9,"maize",1989,45598.7358732149,3839.3686058223,"Adult",6.20606796116505,412
9,"maize",1989,45598.7358732149,3839.3686058223,"Adventure",6.82483847810481,1393
9,"maize",1989,45598.7358732149,3839.3686058223,"Animation",6.91186943620178,1348
9,"maize",1989,45598.7358732149,3839.3686058223,"Biography",6.89714285714286,140
9,"maize",1989,45598.7358732149,3839.3686058223,"Comedy",6.89529078014184,3525
9,"maize",1989,45598.7358732149,3839.3686058223,"Crime",6.81637658227848,1264
9,"maize",1989,45598.7358732149,3839.3686058223,"Documentary",7.08524332810047,637
9,"maize",1989,45598.7358732149,3839.3686058223,"Drama",6.90429813664596,4025
9,"maize",1989,45598.7358732149,3839.3686058223,"Family",7.23338607594937,1264
9,"maize",1989,45598.7358732149,3839.3686058223,"Fantasy",6.59295499021526,511
9,"maize",1989,45598.7358732149,3839.3686058223,"History",7.19222614840989,283
9,"maize",1989,45598.7358732149,3839.3686058223,"Horror",5.60994263862333,523
9,"maize",1989,45598.7358732149,3839.3686058223,"Music",7.23170731707317,287
9,"maize",1989,45598.7358732149,3839.3686058223,"Musical",6.57037037037037,81
9,"maize",1989,45598.7358732149,3839.3686058223,"Mystery",7.02310286677909,593
9,"maize",1989,45598.7358732149,3839.3686058223,"Other",6.84444444444445,180
9,"maize",1989,45598.7358732149,3839.3686058223,"Romance",6.73271832718327,813
9,"maize",1989,45598.7358732149,3839.3686058223,"Sci-Fi",6.17577639751553,322
9,"maize",1989,45598.7358732149,3839.3686058223,"Short",6.54214559386973,522
9,"maize",1989,45598.7358732149,3839.3686058223,"Sport",6.71888888888889,180
9,"maize",1989,45598.7358732149,3839.3686058223,"Talk-Show",7.26829268292683,82
9,"maize",1989,45598.7358732149,3839.3686058223,"Thriller",5.83809523809524,399
9,"maize",1989,45598.7358732149,3839.3686058223,"War",7.09409090909091,220
10,"maize",1990,47187.3077875674,1588.5719143525,"Action",6.38689288090486,1503
10,"maize",1990,47187.3077875674,1588.5719143525,"Adult",6.19133663366337,404
10,"maize",1990,47187.3077875674,1588.5719143525,"Adventure",7.05024734982332,1415
10,"maize",1990,47187.3077875674,1588.5719143525,"Animation",6.99199706314244,1362
10,"maize",1990,47187.3077875674,1588.5719143525,"Biography",6.839375,160
10,"maize",1990,47187.3077875674,1588.5719143525,"Comedy",6.97618410489698,3737
10,"maize",1990,47187.3077875674,1588.5719143525,"Crime",6.70660237388724,1348
10,"maize",1990,47187.3077875674,1588.5719143525,"Documentary",7.02060857538036,723
10,"maize",1990,47187.3077875674,1588.5719143525,"Drama",6.8402478314746,4035
10,"maize",1990,47187.3077875674,1588.5719143525,"Family",7.09252640129976,1231
10,"maize",1990,47187.3077875674,1588.5719143525,"Fantasy",6.43852813852814,462
10,"maize",1990,47187.3077875674,1588.5719143525,"History",7.21747967479675,246
10,"maize",1990,47187.3077875674,1588.5719143525,"Horror",5.55341176470588,425
10,"maize",1990,47187.3077875674,1588.5719143525,"Music",7.24985835694051,353
10,"maize",1990,47187.3077875674,1588.5719143525,"Musical",7.09649122807018,114
10,"maize",1990,47187.3077875674,1588.5719143525,"Mystery",7.0950184501845,542
10,"maize",1990,47187.3077875674,1588.5719143525,"Other",6.67209302325581,172
10,"maize",1990,47187.3077875674,1588.5719143525,"Romance",6.52310513447433,818
10,"maize",1990,47187.3077875674,1588.5719143525,"Sci-Fi",6.0978102189781,274
10,"maize",1990,47187.3077875674,1588.5719143525,"Short",6.3631970260223,538
10,"maize",1990,47187.3077875674,1588.5719143525,"Sport",6.83640552995392,217
10,"maize",1990,47187.3077875674,1588.5719143525,"Talk-Show",6.99878048780488,82
10,"maize",1990,47187.3077875674,1588.5719143525,"Thriller",5.74959128065395,367
10,"maize",1990,47187.3077875674,1588.5719143525,"War",7.23028571428571,175
11,"maize",1991,46293.208674442,-894.099113125398,"Action",6.53292533659731,1634
11,"maize",1991,46293.208674442,-894.099113125398,"Adult",6.18719806763285,414
11,"maize",1991,46293.208674442,-894.099113125398,"Adventure",7.08911651728553,1562
11,"maize",1991,46293.208674442,-894.099113125398,"Animation",7.1132848645076,1513
11,"maize",1991,46293.208674442,-894.099113125398,"Biography",6.91818181818182,143
11,"maize",1991,46293.208674442,-894.099113125398,"Comedy",7.00351145038168,3930
11,"maize",1991,46293.208674442,-894.099113125398,"Crime",6.81718131433096,1263
11,"maize",1991,46293.208674442,-894.099113125398,"Documentary",7.17095541401274,785
11,"maize",1991,46293.208674442,-894.099113125398,"Drama",6.90377262299261,3923
11,"maize",1991,46293.208674442,-894.099113125398,"Family",7.19041353383459,1064
11,"maize",1991,46293.208674442,-894.099113125398,"Fantasy",6.58095238095238,483
11,"maize",1991,46293.208674442,-894.099113125398,"History",7.48286713286713,286
11,"maize",1991,46293.208674442,-894.099113125398,"Horror",5.6,354
11,"maize",1991,46293.208674442,-894.099113125398,"Music",7.27204819277108,415
11,"maize",1991,46293.208674442,-894.099113125398,"Musical",6.82680412371134,97
11,"maize",1991,46293.208674442,-894.099113125398,"Mystery",7.02337917485265,509
11,"maize",1991,46293.208674442,-894.099113125398,"Other",7.04615384615385,169
11,"maize",1991,46293.208674442,-894.099113125398,"Romance",6.62362971985384,821
11,"maize",1991,46293.208674442,-894.099113125398,"Sci-Fi",6.24147286821705,258
11,"maize",1991,46293.208674442,-894.099113125398,"Short",6.74388984509466,581
11,"maize",1991,46293.208674442,-894.099113125398,"Sport",6.7565,200
11,"maize",1991,46293.208674442,-894.099113125398,"Talk-Show",6.8394495412844,109
11,"maize",1991,46293.208674442,-894.099113125398,"Thriller",5.74,350
11,"maize",1991,46293.208674442,-894.099113125398,"War",6.89333333333333,120
12,"maize",1992,48599.8083900679,2306.5997156259,"Action",6.53590425531915,1504
12,"maize",1992,48599.8083900679,2306.5997156259,"Adult",6.29188118811881,505
12,"maize",1992,48599.8083900679,2306.5997156259,"Adventure",7.08560606060606,1584
12,"maize",1992,48599.8083900679,2306.5997156259,"Animation",7.11291696238467,1409
12,"maize",1992,48599.8083900679,2306.5997156259,"Biography",6.97153284671533,137
12,"maize",1992,48599.8083900679,2306.5997156259,"Comedy",7.02885043263288,4045
12,"maize",1992,48599.8083900679,2306.5997156259,"Crime",6.83067577828398,1317
12,"maize",1992,48599.8083900679,2306.5997156259,"Documentary",7.12360616844603,843
12,"maize",1992,48599.8083900679,2306.5997156259,"Drama",6.85292450399382,3881
12,"maize",1992,48599.8083900679,2306.5997156259,"Family",7.06808873720137,1172
12,"maize",1992,48599.8083900679,2306.5997156259,"Fantasy",6.7445871559633,545
12,"maize",1992,48599.8083900679,2306.5997156259,"History",7.25016611295681,301
12,"maize",1992,48599.8083900679,2306.5997156259,"Horror",5.64587912087912,364
12,"maize",1992,48599.8083900679,2306.5997156259,"Music",7.24915254237288,413
12,"maize",1992,48599.8083900679,2306.5997156259,"Musical",6.75540540540541,74
12,"maize",1992,48599.8083900679,2306.5997156259,"Mystery",7.06137931034483,435
12,"maize",1992,48599.8083900679,2306.5997156259,"Other",6.73473053892215,167
12,"maize",1992,48599.8083900679,2306.5997156259,"Romance",6.53239740820734,926
12,"maize",1992,48599.8083900679,2306.5997156259,"Sci-Fi",6.36489361702128,282
12,"maize",1992,48599.8083900679,2306.5997156259,"Short",6.59237012987013,616
12,"maize",1992,48599.8083900679,2306.5997156259,"Sport",6.76623376623377,231
12,"maize",1992,48599.8083900679,2306.5997156259,"Talk-Show",6.24444444444444,99
12,"maize",1992,48599.8083900679,2306.5997156259,"Thriller",5.6976253298153,379
12,"maize",1992,48599.8083900679,2306.5997156259,"War",7.02991452991453,117
13,"maize",1993,47650.8043110818,-949.004078986094,"Action",6.76009538950715,1887
13,"maize",1993,47650.8043110818,-949.004078986094,"Adult",6.30644599303136,574
13,"maize",1993,47650.8043110818,-949.004078986094,"Adventure",7.18787706317587,1757
13,"maize",1993,47650.8043110818,-949.004078986094,"Animation",7.29629147690306,1537
13,"maize",1993,47650.8043110818,-949.004078986094,"Biography",7.10245098039216,204
13,"maize",1993,47650.8043110818,-949.004078986094,"Comedy",7.06883243771373,4094
13,"maize",1993,47650.8043110818,-949.004078986094,"Crime",6.95122273628553,1513
13,"maize",1993,47650.8043110818,-949.004078986094,"Documentary",7.16536748329621,898
13,"maize",1993,47650.8043110818,-949.004078986094,"Drama",6.93531376759723,4191
13,"maize",1993,47650.8043110818,-949.004078986094,"Family",7.15480620155039,1290
13,"maize",1993,47650.8043110818,-949.004078986094,"Fantasy",6.81482213438735,506
13,"maize",1993,47650.8043110818,-949.004078986094,"History",7.19651162790698,172
13,"maize",1993,47650.8043110818,-949.004078986094,"Horror",5.72547770700637,314
13,"maize",1993,47650.8043110818,-949.004078986094,"Music",7.29744680851064,470
13,"maize",1993,47650.8043110818,-949.004078986094,"Musical",6.5641975308642,81
13,"maize",1993,47650.8043110818,-949.004078986094,"Mystery",7.27781456953642,604
13,"maize",1993,47650.8043110818,-949.004078986094,"Other",6.65635593220339,236
13,"maize",1993,47650.8043110818,-949.004078986094,"Romance",6.62842696629213,890
13,"maize",1993,47650.8043110818,-949.004078986094,"Sci-Fi",6.3420245398773,326
13,"maize",1993,47650.8043110818,-949.004078986094,"Short",6.56772793053546,691
13,"maize",1993,47650.8043110818,-949.004078986094,"Sport",6.4487012987013,308
13,"maize",1993,47650.8043110818,-949.004078986094,"Talk-Show",6.20246913580247,81
13,"maize",1993,47650.8043110818,-949.004078986094,"Thriller",5.65288220551378,399
13,"maize",1993,47650.8043110818,-949.004078986094,"War",6.50574712643678,87
14,"maize",1994,50674.2849899959,3023.48067891409,"Action",6.75739206279983,2293
14,"maize",1994,50674.2849899959,3023.48067891409,"Adult",6.3875,616
14,"maize",1994,50674.2849899959,3023.48067891409,"Adventure",7.15920930232558,2150
14,"maize",1994,50674.2849899959,3023.48067891409,"Animation",7.31953955135773,1694
14,"maize",1994,50674.2849899959,3023.48067891409,"Biography",6.86268656716418,201
14,"maize",1994,50674.2849899959,3023.48067891409,"Comedy",7.06714453584019,4255
14,"maize",1994,50674.2849899959,3023.48067891409,"Crime",6.9934396076027,1631
14,"maize",1994,50674.2849899959,3023.48067891409,"Documentary",7.18310749774164,1107
14,"maize",1994,50674.2849899959,3023.48067891409,"Drama",6.90936872629935,4483
14,"maize",1994,50674.2849899959,3023.48067891409,"Family",7.15595588235294,1360
14,"maize",1994,50674.2849899959,3023.48067891409,"Fantasy",6.80910683012259,571
14,"maize",1994,50674.2849899959,3023.48067891409,"History",7.36028037383178,214
14,"maize",1994,50674.2849899959,3023.48067891409,"Horror",5.73046357615894,302
14,"maize",1994,50674.2849899959,3023.48067891409,"Music",7.34447058823529,425
14,"maize",1994,50674.2849899959,3023.48067891409,"Musical",7.20967741935484,93
14,"maize",1994,50674.2849899959,3023.48067891409,"Mystery",7.09176829268293,656
14,"maize",1994,50674.2849899959,3023.48067891409,"Other",6.91892744479495,317
14,"maize",1994,50674.2849899959,3023.48067891409,"Romance",6.73022312373225,986
14,"maize",1994,50674.2849899959,3023.48067891409,"Sci-Fi",6.31967213114754,366
14,"maize",1994,50674.2849899959,3023.48067891409,"Short",6.60054794520548,730
14,"maize",1994,50674.2849899959,3023.48067891409,"Sport",6.71163522012579,318
14,"maize",1994,50674.2849899959,3023.48067891409,"Talk-Show",6.38,115
14,"maize",1994,50674.2849899959,3023.48067891409,"Thriller",5.76780821917808,438
14,"maize",1994,50674.2849899959,3023.48067891409,"War",7.11775700934579,107
15,"maize",1995,49839.1237373799,-835.161252615995,"Action",6.90427176566314,2458
15,"maize",1995,49839.1237373799,-835.161252615995,"Adult",6.39351988217968,679
15,"maize",1995,49839.1237373799,-835.161252615995,"Adventure",7.32454702329594,2318
15,"maize",1995,49839.1237373799,-835.161252615995,"Animation",7.43774062816616,1974
15,"maize",1995,49839.1237373799,-835.161252615995,"Biography",6.89806451612903,310
15,"maize",1995,49839.1237373799,-835.161252615995,"Comedy",7.10939471839215,4279
15,"maize",1995,49839.1237373799,-835.161252615995,"Crime",7.03913305237809,1661
15,"maize",1995,49839.1237373799,-835.161252615995,"Documentary",7.14599504541701,1211
15,"maize",1995,49839.1237373799,-835.161252615995,"Drama",6.96751907609816,4849
15,"maize",1995,49839.1237373799,-835.161252615995,"Family",7.11898016997167,1412
15,"maize",1995,49839.1237373799,-835.161252615995,"Fantasy",7.00179856115108,556
15,"maize",1995,49839.1237373799,-835.161252615995,"History",7.42961956521739,368
15,"maize",1995,49839.1237373799,-835.161252615995,"Horror",5.6267029972752,367
15,"maize",1995,49839.1237373799,-835.161252615995,"Music",7.43630705394191,482
15,"maize",1995,49839.1237373799,-835.161252615995,"Musical",6.75365853658537,82
15,"maize",1995,49839.1237373799,-835.161252615995,"Mystery",7.11926229508197,732
15,"maize",1995,49839.1237373799,-835.161252615995,"Other",7.15225806451613,310
15,"maize",1995,49839.1237373799,-835.161252615995,"Romance",6.80464216634429,1034
15,"maize",1995,49839.1237373799,-835.161252615995,"Sci-Fi",6.29800884955752,452
15,"maize",1995,49839.1237373799,-835.161252615995,"Short",6.6487684729064,812
15,"maize",1995,49839.1237373799,-835.161252615995,"Sport",6.62269736842105,304
15,"maize",1995,49839.1237373799,-835.161252615995,"Talk-Show",6.84150943396226,159
15,"maize",1995,49839.1237373799,-835.161252615995,"Thriller",5.82674199623352,531
15,"maize",1995,49839.1237373799,-835.161252615995,"War",7.43155339805825,206
16,"maize",1996,53304.2207511105,3465.0970137306,"Action",6.92350443844076,2591
16,"maize",1996,53304.2207511105,3465.0970137306,"Adult",6.48270676691729,532
16,"maize",1996,53304.2207511105,3465.0970137306,"Adventure",7.19391143911439,2168
16,"maize",1996,53304.2207511105,3465.0970137306,"Animation",7.33894255210981,1967
16,"maize",1996,53304.2207511105,3465.0970137306,"Biography",6.72935153583618,293
16,"maize",1996,53304.2207511105,3465.0970137306,"Comedy",7.06263374485597,4860
16,"maize",1996,53304.2207511105,3465.0970137306,"Crime",7.05163288288288,1776
16,"maize",1996,53304.2207511105,3465.0970137306,"Documentary",7.20030326004549,1319
16,"maize",1996,53304.2207511105,3465.0970137306,"Drama",6.97454508280515,4891
16,"maize",1996,53304.2207511105,3465.0970137306,"Family",7.22015838732901,1389
16,"maize",1996,53304.2207511105,3465.0970137306,"Fantasy",6.829793977813,631
16,"maize",1996,53304.2207511105,3465.0970137306,"History",7.22016129032258,248
16,"maize",1996,53304.2207511105,3465.0970137306,"Horror",5.93832923832924,407
16,"maize",1996,53304.2207511105,3465.0970137306,"Music",7.35653153153153,444
16,"maize",1996,53304.2207511105,3465.0970137306,"Musical",6.61739130434783,92
16,"maize",1996,53304.2207511105,3465.0970137306,"Mystery",7.24782608695652,736
16,"maize",1996,53304.2207511105,3465.0970137306,"Other",6.63728323699422,346
16,"maize",1996,53304.2207511105,3465.0970137306,"Romance",6.85032021957914,1093
16,"maize",1996,53304.2207511105,3465.0970137306,"Sci-Fi",6.34665127020785,433
16,"maize",1996,53304.2207511105,3465.0970137306,"Short",6.66135371179039,916
16,"maize",1996,53304.2207511105,3465.0970137306,"Sport",6.6463768115942,345
16,"maize",1996,53304.2207511105,3465.0970137306,"Talk-Show",6.59444444444444,306
16,"maize",1996,53304.2207511105,3465.0970137306,"Thriller",5.92202166064982,554
16,"maize",1996,53304.2207511105,3465.0970137306,"War",7.19345794392523,107
17,"maize",1997,52232.1386010293,-1072.0821500812,"Action",7.00343362831858,2825
17,"maize",1997,52232.1386010293,-1072.0821500812,"Adult",6.51852551984877,529
17,"maize",1997,52232.1386010293,-1072.0821500812,"Adventure",7.16485647788984,2578
17,"maize",1997,52232.1386010293,-1072.0821500812,"Animation",7.37197278911565,2205
17,"maize",1997,52232.1386010293,-1072.0821500812,"Biography",7.10925925925926,324
17,"maize",1997,52232.1386010293,-1072.0821500812,"Comedy",6.9587835354649,5442
17,"maize",1997,52232.1386010293,-1072.0821500812,"Crime",7.04979057591623,1910
17,"maize",1997,52232.1386010293,-1072.0821500812,"Documentary",7.22206381534284,1473
17,"maize",1997,52232.1386010293,-1072.0821500812,"Drama",6.94723082881487,5164
17,"maize",1997,52232.1386010293,-1072.0821500812,"Family",6.90176553672316,1416
17,"maize",1997,52232.1386010293,-1072.0821500812,"Fantasy",6.52556480380499,841
17,"maize",1997,52232.1386010293,-1072.0821500812,"History",7.33479318734793,411
17,"maize",1997,52232.1386010293,-1072.0821500812,"Horror",5.85926892950392,383
17,"maize",1997,52232.1386010293,-1072.0821500812,"Music",7.03300395256917,506
17,"maize",1997,52232.1386010293,-1072.0821500812,"Musical",5.81120331950207,241
17,"maize",1997,52232.1386010293,-1072.0821500812,"Mystery",7.31002506265664,798
17,"maize",1997,52232.1386010293,-1072.0821500812,"Other",6.01017964071856,334
17,"maize",1997,52232.1386010293,-1072.0821500812,"Romance",6.80284360189573,1266
17,"maize",1997,52232.1386010293,-1072.0821500812,"Sci-Fi",6.43301204819277,415
17,"maize",1997,52232.1386010293,-1072.0821500812,"Short",6.67192118226601,1015
17,"maize",1997,52232.1386010293,-1072.0821500812,"Sport",6.72521994134897,341
17,"maize",1997,52232.1386010293,-1072.0821500812,"Talk-Show",5.63021390374332,374
17,"maize",1997,52232.1386010293,-1072.0821500812,"Thriller",5.95080500894454,559
17,"maize",1997,52232.1386010293,-1072.0821500812,"War",7.01848739495798,119
18,"maize",1998,55293.9422312435,3061.8036302142,"Action",6.96415532691669,3013
18,"maize",1998,55293.9422312435,3061.8036302142,"Adult",6.52848837209302,516
18,"maize",1998,55293.9422312435,3061.8036302142,"Adventure",7.16375650780937,2497
18,"maize",1998,55293.9422312435,3061.8036302142,"Animation",7.28402178847027,2203
18,"maize",1998,55293.9422312435,3061.8036302142,"Biography",6.97472527472527,364
18,"maize",1998,55293.9422312435,3061.8036302142,"Comedy",6.96455445544554,5555
18,"maize",1998,55293.9422312435,3061.8036302142,"Crime",7.06328754144955,2111
18,"maize",1998,55293.9422312435,3061.8036302142,"Documentary",7.1782412626832,1774
18,"maize",1998,55293.9422312435,3061.8036302142,"Drama",6.97336936265375,5366
18,"maize",1998,55293.9422312435,3061.8036302142,"Family",6.71688311688312,1309
18,"maize",1998,55293.9422312435,3061.8036302142,"Fantasy",6.29369797859691,841
18,"maize",1998,55293.9422312435,3061.8036302142,"History",7.41180555555556,288
18,"maize",1998,55293.9422312435,3061.8036302142,"Horror",5.81457489878543,494
18,"maize",1998,55293.9422312435,3061.8036302142,"Music",7.05496828752643,473
18,"maize",1998,55293.9422312435,3061.8036302142,"Musical",5.04226804123711,194
18,"maize",1998,55293.9422312435,3061.8036302142,"Mystery",7.31616541353383,798
18,"maize",1998,55293.9422312435,3061.8036302142,"Other",6.128,425
18,"maize",1998,55293.9422312435,3061.8036302142,"Romance",6.83554175293306,1449
18,"maize",1998,55293.9422312435,3061.8036302142,"Sci-Fi",6.5178970917226,447
18,"maize",1998,55293.9422312435,3061.8036302142,"Short",6.72970069071374,1303
18,"maize",1998,55293.9422312435,3061.8036302142,"Sport",6.70887949260042,473
18,"maize",1998,55293.9422312435,3061.8036302142,"Talk-Show",5.51261261261261,333
18,"maize",1998,55293.9422312435,3061.8036302142,"Thriller",6.08590831918506,589
18,"maize",1998,55293.9422312435,3061.8036302142,"War",7.14166666666667,144
19,"maize",1999,54626.9051905852,-667.037040658295,"Action",6.98412204234122,3212
19,"maize",1999,54626.9051905852,-667.037040658295,"Adult",6.63460869565217,575
19,"maize",1999,54626.9051905852,-667.037040658295,"Adventure",7.17402805611222,2495
19,"maize",1999,54626.9051905852,-667.037040658295,"Animation",7.27121451104101,2536
19,"maize",1999,54626.9051905852,-667.037040658295,"Biography",6.97815533980583,412
19,"maize",1999,54626.9051905852,-667.037040658295,"Comedy",6.95653953183827,6109
19,"maize",1999,54626.9051905852,-667.037040658295,"Crime",7.02723995880535,1942
19,"maize",1999,54626.9051905852,-667.037040658295,"Documentary",7.15432645034415,2034
19,"maize",1999,54626.9051905852,-667.037040658295,"Drama",6.92693856998993,5958
19,"maize",1999,54626.9051905852,-667.037040658295,"Family",7.05830235439901,1614
19,"maize",1999,54626.9051905852,-667.037040658295,"Fantasy",6.50764075067024,746
19,"maize",1999,54626.9051905852,-667.037040658295,"History",7.40326086956522,460
19,"maize",1999,54626.9051905852,-667.037040658295,"Horror",5.96684397163121,564
19,"maize",1999,54626.9051905852,-667.037040658295,"Music",6.96265486725664,565
19,"maize",1999,54626.9051905852,-667.037040658295,"Musical",5.26,115
19,"maize",1999,54626.9051905852,-667.037040658295,"Mystery",7.35493133583021,801
19,"maize",1999,54626.9051905852,-667.037040658295,"Other",6.50171821305842,291
19,"maize",1999,54626.9051905852,-667.037040658295,"Romance",6.80304449648712,1708
19,"maize",1999,54626.9051905852,-667.037040658295,"Sci-Fi",6.50286343612335,454
19,"maize",1999,54626.9051905852,-667.037040658295,"Short",6.60245591939547,1588
19,"maize",1999,54626.9051905852,-667.037040658295,"Sport",6.65133470225873,487
19,"maize",1999,54626.9051905852,-667.037040658295,"Talk-Show",6.25970695970696,273
19,"maize",1999,54626.9051905852,-667.037040658295,"Thriller",5.89983896940419,621
19,"maize",1999,54626.9051905852,-667.037040658295,"War",7.32088607594937,158
20,"maize",2000,55170.4942532592,543.589062674,"Action",6.93390216154721,3516
20,"maize",2000,55170.4942532592,543.589062674,"Adult",6.65238095238095,588
20,"maize",2000,55170.4942532592,543.589062674,"Adventure",7.02269158878505,2675
20,"maize",2000,55170.4942532592,543.589062674,"Animation",7.18362863217576,2822
20,"maize",2000,55170.4942532592,543.589062674,"Biography",7.01370143149284,489
20,"maize",2000,55170.4942532592,543.589062674,"Comedy",6.99127416955875,6051
20,"maize",2000,55170.4942532592,543.589062674,"Crime",7.03936120244246,2129
20,"maize",2000,55170.4942532592,543.589062674,"Documentary",7.0653895824365,2323
20,"maize",2000,55170.4942532592,543.589062674,"Drama",7.10999521759924,6273
20,"maize",2000,55170.4942532592,543.589062674,"Family",7.05932721712538,1635
20,"maize",2000,55170.4942532592,543.589062674,"Fantasy",6.54622871046229,822
20,"maize",2000,55170.4942532592,543.589062674,"History",7.4662037037037,432
20,"maize",2000,55170.4942532592,543.589062674,"Horror",5.9034965034965,715
20,"maize",2000,55170.4942532592,543.589062674,"Music",6.96813186813187,546
20,"maize",2000,55170.4942532592,543.589062674,"Musical",6.02272727272727,132
20,"maize",2000,55170.4942532592,543.589062674,"Mystery",7.21426966292135,890
20,"maize",2000,55170.4942532592,543.589062674,"Other",6.18958333333333,432
20,"maize",2000,55170.4942532592,543.589062674,"Romance",6.93972081218274,1576
20,"maize",2000,55170.4942532592,543.589062674,"Sci-Fi",6.64704684317719,491
20,"maize",2000,55170.4942532592,543.589062674,"Short",6.67538779731127,1934
20,"maize",2000,55170.4942532592,543.589062674,"Sport",6.38038461538462,520
20,"maize",2000,55170.4942532592,543.589062674,"Talk-Show",6.24811715481172,239
20,"maize",2000,55170.4942532592,543.589062674,"Thriller",5.78828125,640
20,"maize",2000,55170.4942532592,543.589062674,"War",7.18639053254438,169
21,"maize",2001,57180.6932151951,2010.19896193589,"Action",6.98802021403092,3364
21,"maize",2001,57180.6932151951,2010.19896193589,"Adult",6.56009316770186,644
21,"maize",2001,57180.6932151951,2010.19896193589,"Adventure",7.13062352012628,2534
21,"maize",2001,57180.6932151951,2010.19896193589,"Animation",7.20610526315789,2850
21,"maize",2001,57180.6932151951,2010.19896193589,"Biography",6.96637554585153,458
21,"maize",2001,57180.6932151951,2010.19896193589,"Comedy",7.03318604296815,6563
21,"maize",2001,57180.6932151951,2010.19896193589,"Crime",6.89991063449509,2238
21,"maize",2001,57180.6932151951,2010.19896193589,"Documentary",7.21319926873857,2735
21,"maize",2001,57180.6932151951,2010.19896193589,"Drama",7.13027758007117,7025
21,"maize",2001,57180.6932151951,2010.19896193589,"Family",7.21192758253461,1878
21,"maize",2001,57180.6932151951,2010.19896193589,"Fantasy",6.82438524590164,976
21,"maize",2001,57180.6932151951,2010.19896193589,"History",7.49837962962963,432
21,"maize",2001,57180.6932151951,2010.19896193589,"Horror",5.89121212121212,660
21,"maize",2001,57180.6932151951,2010.19896193589,"Music",7.11565096952909,722
21,"maize",2001,57180.6932151951,2010.19896193589,"Musical",6.1521472392638,163
21,"maize",2001,57180.6932151951,2010.19896193589,"Mystery",7.23746065057713,953
21,"maize",2001,57180.6932151951,2010.19896193589,"Other",6.7539393939394,495
21,"maize",2001,57180.6932151951,2010.19896193589,"Romance",6.96110244409776,1923
21,"maize",2001,57180.6932151951,2010.19896193589,"Sci-Fi",6.7723259762309,589
21,"maize",2001,57180.6932151951,2010.19896193589,"Short",6.69995433789954,2190
21,"maize",2001,57180.6932151951,2010.19896193589,"Sport",6.86745182012848,467
21,"maize",2001,57180.6932151951,2010.19896193589,"Talk-Show",6.37166666666667,300
21,"maize",2001,57180.6932151951,2010.19896193589,"Thriller",5.76003236245955,618
21,"maize",2001,57180.6932151951,2010.19896193589,"War",7.19943181818182,176
22,"maize",2002,57043.2551650479,-137.438050147197,"Action",6.9790811904074,3461
22,"maize",2002,57043.2551650479,-137.438050147197,"Adult",6.65557299843014,637
22,"maize",2002,57043.2551650479,-137.438050147197,"Adventure",7.19633982538616,2978
22,"maize",2002,57043.2551650479,-137.438050147197,"Animation",7.20312215822977,3299
22,"maize",2002,57043.2551650479,-137.438050147197,"Biography",6.92048780487805,410
22,"maize",2002,57043.2551650479,-137.438050147197,"Comedy",6.97758369723435,6870
22,"maize",2002,57043.2551650479,-137.438050147197,"Crime",7.07546125461255,2168
22,"maize",2002,57043.2551650479,-137.438050147197,"Documentary",7.14270592127026,3023
22,"maize",2002,57043.2551650479,-137.438050147197,"Drama",7.09963734049698,7445
22,"maize",2002,57043.2551650479,-137.438050147197,"Family",7.02642369020501,1756
22,"maize",2002,57043.2551650479,-137.438050147197,"Fantasy",6.7214709371293,843
22,"maize",2002,57043.2551650479,-137.438050147197,"History",7.29926650366748,409
22,"maize",2002,57043.2551650479,-137.438050147197,"Horror",5.71154401154401,693
22,"maize",2002,57043.2551650479,-137.438050147197,"Music",6.94195624195624,777
22,"maize",2002,57043.2551650479,-137.438050147197,"Musical",6.832,150
22,"maize",2002,57043.2551650479,-137.438050147197,"Mystery",7.20052465897167,953
22,"maize",2002,57043.2551650479,-137.438050147197,"Other",6.28085808580858,606
22,"maize",2002,57043.2551650479,-137.438050147197,"Romance",6.80668069437138,1901
22,"maize",2002,57043.2551650479,-137.438050147197,"Sci-Fi",6.7819734345351,527
22,"maize",2002,57043.2551650479,-137.438050147197,"Short",6.72030692362598,2802
22,"maize",2002,57043.2551650479,-137.438050147197,"Sport",6.72833333333333,540
22,"maize",2002,57043.2551650479,-137.438050147197,"Talk-Show",6.08660130718954,306
22,"maize",2002,57043.2551650479,-137.438050147197,"Thriller",6.13081481481481,675
22,"maize",2002,57043.2551650479,-137.438050147197,"War",6.98857142857143,175
23,"maize",2003,58667.2973300107,1624.0421649628,"Action",7.09384696292401,3803
23,"maize",2003,58667.2973300107,1624.0421649628,"Adult",6.55618631732169,687
23,"maize",2003,58667.2973300107,1624.0421649628,"Adventure",7.27391304347826,3220
23,"maize",2003,58667.2973300107,1624.0421649628,"Animation",7.24193905817175,3610
23,"maize",2003,58667.2973300107,1624.0421649628,"Biography",7.00566502463054,406
23,"maize",2003,58667.2973300107,1624.0421649628,"Comedy",6.92692678891493,7253
23,"maize",2003,58667.2973300107,1624.0421649628,"Crime",7.11276505513147,2358
23,"maize",2003,58667.2973300107,1624.0421649628,"Documentary",7.08775510204082,3626
23,"maize",2003,58667.2973300107,1624.0421649628,"Drama",7.12569803516029,7736
23,"maize",2003,58667.2973300107,1624.0421649628,"Family",7.0452296819788,1698
23,"maize",2003,58667.2973300107,1624.0421649628,"Fantasy",6.85158371040724,884
23,"maize",2003,58667.2973300107,1624.0421649628,"History",7.48904847396768,557
23,"maize",2003,58667.2973300107,1624.0421649628,"Horror",5.7609819121447,774
23,"maize",2003,58667.2973300107,1624.0421649628,"Music",6.67396386822529,941
23,"maize",2003,58667.2973300107,1624.0421649628,"Musical",6.38674698795181,166
23,"maize",2003,58667.2973300107,1624.0421649628,"Mystery",7.24451038575668,1011
23,"maize",2003,58667.2973300107,1624.0421649628,"Other",6.05847568988174,761
23,"maize",2003,58667.2973300107,1624.0421649628,"Romance",6.83411826268969,1911
23,"maize",2003,58667.2973300107,1624.0421649628,"Sci-Fi",6.51274509803922,510
23,"maize",2003,58667.2973300107,1624.0421649628,"Short",6.75318694724001,3279
23,"maize",2003,58667.2973300107,1624.0421649628,"Sport",6.99736842105263,456
23,"maize",2003,58667.2973300107,1624.0421649628,"Talk-Show",6.11777251184834,422
23,"maize",2003,58667.2973300107,1624.0421649628,"Thriller",6.0474043715847,732
23,"maize",2003,58667.2973300107,1624.0421649628,"War",7.04522292993631,157
24,"maize",2004,62241.134543065,3573.83721305431,"Action",7.12860163891092,3783
24,"maize",2004,62241.134543065,3573.83721305431,"Adult",6.66710875331565,754
24,"maize",2004,62241.134543065,3573.83721305431,"Adventure",7.27427854454203,3188
24,"maize",2004,62241.134543065,3573.83721305431,"Animation",7.2377239199157,3796
24,"maize",2004,62241.134543065,3573.83721305431,"Biography",7.13758099352052,463
24,"maize",2004,62241.134543065,3573.83721305431,"Comedy",6.92940685045948,8379
24,"maize",2004,62241.134543065,3573.83721305431,"Crime",7.30657948508378,2447
24,"maize",2004,62241.134543065,3573.83721305431,"Documentary",7.14302562939442,4409
24,"maize",2004,62241.134543065,3573.83721305431,"Drama",7.10425055928412,8046
24,"maize",2004,62241.134543065,3573.83721305431,"Family",7.14618696186962,1626
24,"maize",2004,62241.134543065,3573.83721305431,"Fantasy",7.02067156348374,953
24,"maize",2004,62241.134543065,3573.83721305431,"History",7.66351931330472,699
24,"maize",2004,62241.134543065,3573.83721305431,"Horror",5.84227129337539,951
24,"maize",2004,62241.134543065,3573.83721305431,"Music",6.7269621421976,1083
24,"maize",2004,62241.134543065,3573.83721305431,"Musical",6.73818181818182,165
24,"maize",2004,62241.134543065,3573.83721305431,"Mystery",7.2269477543538,1091
24,"maize",2004,62241.134543065,3573.83721305431,"Other",5.95509783728115,971
24,"maize",2004,62241.134543065,3573.83721305431,"Romance",6.80166585007349,2041
24,"maize",2004,62241.134543065,3573.83721305431,"Sci-Fi",6.553911205074,473
24,"maize",2004,62241.134543065,3573.83721305431,"Short",6.88909512761021,4310
24,"maize",2004,62241.134543065,3573.83721305431,"Sport",6.98292253521127,568
24,"maize",2004,62241.134543065,3573.83721305431,"Talk-Show",6.33369713506139,733
24,"maize",2004,62241.134543065,3573.83721305431,"Thriller",6.21326530612245,784
24,"maize",2004,62241.134543065,3573.83721305431,"War",7.26171875,256
25,"maize",2005,62053.129308356,-188.005234709002,"Action",7.11574884199691,3886
25,"maize",2005,62053.129308356,-188.005234709002,"Adult",6.82782051282051,780
25,"maize",2005,62053.129308356,-188.005234709002,"Adventure",7.39850662158354,3549
25,"maize",2005,62053.129308356,-188.005234709002,"Animation",7.37412155745489,4212
25,"maize",2005,62053.129308356,-188.005234709002,"Biography",7.05631691648822,467
25,"maize",2005,62053.129308356,-188.005234709002,"Comedy",7.00267884635123,9743
25,"maize",2005,62053.129308356,-188.005234709002,"Crime",7.31173657100809,2718
25,"maize",2005,62053.129308356,-188.005234709002,"Documentary",7.21298921091601,4727
25,"maize",2005,62053.129308356,-188.005234709002,"Drama",7.12572955199342,9732
25,"maize",2005,62053.129308356,-188.005234709002,"Family",7.22235477178423,1928
25,"maize",2005,62053.129308356,-188.005234709002,"Fantasy",7.08908145580589,1154
25,"maize",2005,62053.129308356,-188.005234709002,"History",7.32447844228095,719
25,"maize",2005,62053.129308356,-188.005234709002,"Horror",5.76285979572888,1077
25,"maize",2005,62053.129308356,-188.005234709002,"Music",6.74270664505673,1234
25,"maize",2005,62053.129308356,-188.005234709002,"Musical",6.90432432432432,185
25,"maize",2005,62053.129308356,-188.005234709002,"Mystery",7.29337431693989,1464
25,"maize",2005,62053.129308356,-188.005234709002,"Other",6.17995028997515,1207
25,"maize",2005,62053.129308356,-188.005234709002,"Romance",6.81268251981644,2397
25,"maize",2005,62053.129308356,-188.005234709002,"Sci-Fi",6.66435452793834,519
25,"maize",2005,62053.129308356,-188.005234709002,"Short",6.91885125184094,4753
25,"maize",2005,62053.129308356,-188.005234709002,"Sport",7.00310650887574,676
25,"maize",2005,62053.129308356,-188.005234709002,"Talk-Show",6.08798235942668,907
25,"maize",2005,62053.129308356,-188.005234709002,"Thriller",6.37704918032787,915
25,"maize",2005,62053.129308356,-188.005234709002,"War",7.09683257918552,221
26,"maize",2006,62506.373108808,453.243800452001,"Action",7.05544106559437,3979
26,"maize",2006,62506.373108808,453.243800452001,"Adult",6.78277777777778,720
26,"maize",2006,62506.373108808,453.243800452001,"Adventure",7.23182849936948,3965
26,"maize",2006,62506.373108808,453.243800452001,"Animation",7.28730745532964,4869
26,"maize",2006,62506.373108808,453.243800452001,"Biography",7.17781954887218,532
26,"maize",2006,62506.373108808,453.243800452001,"Comedy",6.98604651162791,10621
26,"maize",2006,62506.373108808,453.243800452001,"Crime",7.1513475177305,2820
26,"maize",2006,62506.373108808,453.243800452001,"Documentary",7.22308151093439,5030
26,"maize",2006,62506.373108808,453.243800452001,"Drama",7.06434034416826,10460
26,"maize",2006,62506.373108808,453.243800452001,"Family",6.94385964912281,2223
26,"maize",2006,62506.373108808,453.243800452001,"Fantasy",7.03365455893254,1349
26,"maize",2006,62506.373108808,453.243800452001,"History",7.28696808510638,752
26,"maize",2006,62506.373108808,453.243800452001,"Horror",5.70702028081123,1282
26,"maize",2006,62506.373108808,453.243800452001,"Music",6.79144385026738,1309
26,"maize",2006,62506.373108808,453.243800452001,"Musical",6.6565445026178,191
26,"maize",2006,62506.373108808,453.243800452001,"Mystery",7.24753127057275,1519
26,"maize",2006,62506.373108808,453.243800452001,"Other",6.36289818863211,1601
26,"maize",2006,62506.373108808,453.243800452001,"Romance",6.82303664921466,2483
26,"maize",2006,62506.373108808,453.243800452001,"Sci-Fi",6.70448833034111,557
26,"maize",2006,62506.373108808,453.243800452001,"Short",6.95232722143865,4963
26,"maize",2006,62506.373108808,453.243800452001,"Sport",7.01750841750842,891
26,"maize",2006,62506.373108808,453.243800452001,"Talk-Show",6.40616113744076,1055
26,"maize",2006,62506.373108808,453.243800452001,"Thriller",6.15630797773655,1078
26,"maize",2006,62506.373108808,453.243800452001,"War",7.14809160305343,262
27,"maize",2007,62801.5667627566,295.193653948598,"Action",7.10266415500538,3716
27,"maize",2007,62801.5667627566,295.193653948598,"Adult",6.81313320825516,533
27,"maize",2007,62801.5667627566,295.193653948598,"Adventure",7.26424932574168,3337
27,"maize",2007,62801.5667627566,295.193653948598,"Animation",7.31449676823638,4332
27,"maize",2007,62801.5667627566,295.193653948598,"Biography",7.15825688073395,436
27,"maize",2007,62801.5667627566,295.193653948598,"Comedy",7.00110366168128,9695
27,"maize",2007,62801.5667627566,295.193653948598,"Crime",7.13834738617201,2965
27,"maize",2007,62801.5667627566,295.193653948598,"Documentary",7.26605005440696,4595
27,"maize",2007,62801.5667627566,295.193653948598,"Drama",7.00258317418836,9949
27,"maize",2007,62801.5667627566,295.193653948598,"Family",7.06946406314915,2407
27,"maize",2007,62801.5667627566,295.193653948598,"Fantasy",7.00220848056537,1132
27,"maize",2007,62801.5667627566,295.193653948598,"History",7.39336016096579,994
27,"maize",2007,62801.5667627566,295.193653948598,"Horror",5.73173605655931,1273
27,"maize",2007,62801.5667627566,295.193653948598,"Music",6.887265917603,1068
27,"maize",2007,62801.5667627566,295.193653948598,"Musical",6.83204419889503,181
27,"maize",2007,62801.5667627566,295.193653948598,"Mystery",7.20828571428571,1400
27,"maize",2007,62801.5667627566,295.193653948598,"Other",6.3496577946768,1315
27,"maize",2007,62801.5667627566,295.193653948598,"Romance",6.80506726457399,2230
27,"maize",2007,62801.5667627566,295.193653948598,"Sci-Fi",6.58195718654434,654
27,"maize",2007,62801.5667627566,295.193653948598,"Short",6.93509252912954,4377
27,"maize",2007,62801.5667627566,295.193653948598,"Sport",7.16264534883721,688
27,"maize",2007,62801.5667627566,295.193653948598,"Talk-Show",6.61225490196078,816
27,"maize",2007,62801.5667627566,295.193653948598,"Thriller",6.08840284842319,983
27,"maize",2007,62801.5667627566,295.193653948598,"War",7.27389937106918,318
28,"maize",2008,65311.3708993867,2509.8041366301,"Action",7.059766615931,3942
28,"maize",2008,65311.3708993867,2509.8041366301,"Adult",6.79208074534161,644
28,"maize",2008,65311.3708993867,2509.8041366301,"Adventure",7.25361077111383,3268
28,"maize",2008,65311.3708993867,2509.8041366301,"Animation",7.2814348785872,4530
28,"maize",2008,65311.3708993867,2509.8041366301,"Biography",7.22503888024883,643
28,"maize",2008,65311.3708993867,2509.8041366301,"Comedy",6.96778673400019,10297
28,"maize",2008,65311.3708993867,2509.8041366301,"Crime",7.11785334750266,2823
28,"maize",2008,65311.3708993867,2509.8041366301,"Documentary",7.28353524229075,5448
28,"maize",2008,65311.3708993867,2509.8041366301,"Drama",7.02104483141904,10796
28,"maize",2008,65311.3708993867,2509.8041366301,"Family",6.96434443963652,2311
28,"maize",2008,65311.3708993867,2509.8041366301,"Fantasy",7.04183123877917,1114
28,"maize",2008,65311.3708993867,2509.8041366301,"History",7.43201834862385,1090
28,"maize",2008,65311.3708993867,2509.8041366301,"Horror",5.78365730741541,1389
28,"maize",2008,65311.3708993867,2509.8041366301,"Music",7.05690235690236,1188
28,"maize",2008,65311.3708993867,2509.8041366301,"Musical",6.70169491525424,236
28,"maize",2008,65311.3708993867,2509.8041366301,"Mystery",7.22365512159175,1357
28,"maize",2008,65311.3708993867,2509.8041366301,"Other",6.27857142857143,1526
28,"maize",2008,65311.3708993867,2509.8041366301,"Romance",6.73053790766624,2361
28,"maize",2008,65311.3708993867,2509.8041366301,"Sci-Fi",6.45805142083897,739
28,"maize",2008,65311.3708993867,2509.8041366301,"Short",6.94154706430569,5365
28,"maize",2008,65311.3708993867,2509.8041366301,"Sport",7.16213183730715,713
28,"maize",2008,65311.3708993867,2509.8041366301,"Talk-Show",6.29561403508772,912
28,"maize",2008,65311.3708993867,2509.8041366301,"Thriller",6.30162308385933,1109
28,"maize",2008,65311.3708993867,2509.8041366301,"War",7.30498442367601,321
29,"maize",2009,65616.4145489,305.043649513296,"Action",7.08876946698837,4559
29,"maize",2009,65616.4145489,305.043649513296,"Adult",6.59090909090909,561
29,"maize",2009,65616.4145489,305.043649513296,"Adventure",7.29895965490992,3941
29,"maize",2009,65616.4145489,305.043649513296,"Animation",7.2940310880829,4825
29,"maize",2009,65616.4145489,305.043649513296,"Biography",7.31806615776081,786
29,"maize",2009,65616.4145489,305.043649513296,"Comedy",7.02328042328042,12285
29,"maize",2009,65616.4145489,305.043649513296,"Crime",7.19427580225499,3459
29,"maize",2009,65616.4145489,305.043649513296,"Documentary",7.35274945679425,5983
29,"maize",2009,65616.4145489,305.043649513296,"Drama",7.04568675076393,12763
29,"maize",2009,65616.4145489,305.043649513296,"Family",7.14460486322188,2632
29,"maize",2009,65616.4145489,305.043649513296,"Fantasy",6.98973977695167,1345
29,"maize",2009,65616.4145489,305.043649513296,"History",7.40178837555887,1342
29,"maize",2009,65616.4145489,305.043649513296,"Horror",5.95708430913349,1708
29,"maize",2009,65616.4145489,305.043649513296,"Music",7.11989978525412,1397
29,"maize",2009,65616.4145489,305.043649513296,"Musical",7.05880149812734,267
29,"maize",2009,65616.4145489,305.043649513296,"Mystery",7.15597519729425,1774
29,"maize",2009,65616.4145489,305.043649513296,"Other",6.85713425647201,1661
29,"maize",2009,65616.4145489,305.043649513296,"Romance",6.8028980052691,2657
29,"maize",2009,65616.4145489,305.043649513296,"Sci-Fi",6.66545988258317,1022
29,"maize",2009,65616.4145489,305.043649513296,"Short",6.98163995908626,5866
29,"maize",2009,65616.4145489,305.043649513296,"Sport",7.27747875354108,706
29,"maize",2009,65616.4145489,305.043649513296,"Talk-Show",7.10334101382488,868
29,"maize",2009,65616.4145489,305.043649513296,"Thriller",6.27571860816944,1322
29,"maize",2009,65616.4145489,305.043649513296,"War",7.25963541666667,384
30,"maize",2010,67706.5382855609,2090.12373666091,"Action",7.1550070238812,4983
30,"maize",2010,67706.5382855609,2090.12373666091,"Adult",6.59077181208054,596
30,"maize",2010,67706.5382855609,2090.12373666091,"Adventure",7.32830235439901,4035
30,"maize",2010,67706.5382855609,2090.12373666091,"Animation",7.26604150039904,5012
30,"maize",2010,67706.5382855609,2090.12373666091,"Biography",7.23323671497585,1035
30,"maize",2010,67706.5382855609,2090.12373666091,"Comedy",7.04728569237847,13042
30,"maize",2010,67706.5382855609,2090.12373666091,"Crime",7.27063841496973,3634
30,"maize",2010,67706.5382855609,2090.12373666091,"Documentary",7.37231673368388,6466
30,"maize",2010,67706.5382855609,2090.12373666091,"Drama",7.09424686192469,13384
30,"maize",2010,67706.5382855609,2090.12373666091,"Family",7.23244301994302,2808
30,"maize",2010,67706.5382855609,2090.12373666091,"Fantasy",7.15646050214329,1633
30,"maize",2010,67706.5382855609,2090.12373666091,"History",7.3461752433936,1438
30,"maize",2010,67706.5382855609,2090.12373666091,"Horror",6.2010411502231,2017
30,"maize",2010,67706.5382855609,2090.12373666091,"Music",7.1245492371706,1442
30,"maize",2010,67706.5382855609,2090.12373666091,"Musical",6.88604651162791,258
30,"maize",2010,67706.5382855609,2090.12373666091,"Mystery",7.26526757607555,1906
30,"maize",2010,67706.5382855609,2090.12373666091,"Other",6.91695938529089,1822
30,"maize",2010,67706.5382855609,2090.12373666091,"Romance",6.86421261142291,3029
30,"maize",2010,67706.5382855609,2090.12373666091,"Sci-Fi",6.71268656716418,1072
30,"maize",2010,67706.5382855609,2090.12373666091,"Short",6.98585537328423,5974
30,"maize",2010,67706.5382855609,2090.12373666091,"Sport",7.19819915254237,944
30,"maize",2010,67706.5382855609,2090.12373666091,"Talk-Show",6.90959367945824,886
30,"maize",2010,67706.5382855609,2090.12373666091,"Thriller",6.39380764163373,1518
30,"maize",2010,67706.5382855609,2090.12373666091,"War",7.18229813664596,322
31,"maize",2011,59940.6458727382,-7765.89241282271,"Action",7.1593557472276,5681
31,"maize",2011,59940.6458727382,-7765.89241282271,"Adult",6.33112701252236,559
31,"maize",2011,59940.6458727382,-7765.89241282271,"Adventure",7.40324647586502,4682
31,"maize",2011,59940.6458727382,-7765.89241282271,"Animation",7.30114739629303,5665
31,"maize",2011,59940.6458727382,-7765.89241282271,"Biography",7.26935779816514,1090
31,"maize",2011,59940.6458727382,-7765.89241282271,"Comedy",7.12485145282403,15315
31,"maize",2011,59940.6458727382,-7765.89241282271,"Crime",7.2869864640228,4211
31,"maize",2011,59940.6458727382,-7765.89241282271,"Documentary",7.40298744407562,6929
31,"maize",2011,59940.6458727382,-7765.89241282271,"Drama",7.13637967297646,14739
31,"maize",2011,59940.6458727382,-7765.89241282271,"Family",7.27438131753224,2869
31,"maize",2011,59940.6458727382,-7765.89241282271,"Fantasy",7.08159871244635,1864
31,"maize",2011,59940.6458727382,-7765.89241282271,"History",7.25799863852961,1469
31,"maize",2011,59940.6458727382,-7765.89241282271,"Horror",6.26214482126489,2182
31,"maize",2011,59940.6458727382,-7765.89241282271,"Music",7.16367628607277,1594
31,"maize",2011,59940.6458727382,-7765.89241282271,"Musical",7.09198606271777,287
31,"maize",2011,59940.6458727382,-7765.89241282271,"Mystery",7.22013218098627,1967
31,"maize",2011,59940.6458727382,-7765.89241282271,"Other",7.08853556485355,2390
31,"maize",2011,59940.6458727382,-7765.89241282271,"Romance",6.95276785714286,3360
31,"maize",2011,59940.6458727382,-7765.89241282271,"Sci-Fi",6.90042301184433,1182
31,"maize",2011,59940.6458727382,-7765.89241282271,"Short",7.03160637189221,6717
31,"maize",2011,59940.6458727382,-7765.89241282271,"Sport",7.16452004860267,823
31,"maize",2011,59940.6458727382,-7765.89241282271,"Talk-Show",7.13511859219587,1307
31,"maize",2011,59940.6458727382,-7765.89241282271,"Thriller",6.450207223209,1689
31,"maize",2011,59940.6458727382,-7765.89241282271,"War",6.91093247588424,311
32,"maize",2012,57373.2577921078,-2567.3880806304,"Action",7.21018533978961,5989
32,"maize",2012,57373.2577921078,-2567.3880806304,"Adult",6.21360424028269,566
32,"maize",2012,57373.2577921078,-2567.3880806304,"Adventure",7.37523886968896,4919
32,"maize",2012,57373.2577921078,-2567.3880806304,"Animation",7.32172478793591,6366
32,"maize",2012,57373.2577921078,-2567.3880806304,"Biography",7.41923076923077,1326
32,"maize",2012,57373.2577921078,-2567.3880806304,"Comedy",7.17412162162162,16280
32,"maize",2012,57373.2577921078,-2567.3880806304,"Crime",7.35005478851633,4563
32,"maize",2012,57373.2577921078,-2567.3880806304,"Documentary",7.41403785488959,7608
32,"maize",2012,57373.2577921078,-2567.3880806304,"Drama",7.22948065485315,16309
32,"maize",2012,57373.2577921078,-2567.3880806304,"Family",7.12892561983471,3267
32,"maize",2012,57373.2577921078,-2567.3880806304,"Fantasy",7.19058441558442,2156
32,"maize",2012,57373.2577921078,-2567.3880806304,"History",7.33244296048971,1797
32,"maize",2012,57373.2577921078,-2567.3880806304,"Horror",6.28028052805281,2424
32,"maize",2012,57373.2577921078,-2567.3880806304,"Music",7.13871527777778,1728
32,"maize",2012,57373.2577921078,-2567.3880806304,"Musical",7.13556338028169,284
32,"maize",2012,57373.2577921078,-2567.3880806304,"Mystery",7.23717703349282,2090
32,"maize",2012,57373.2577921078,-2567.3880806304,"Other",6.96544276457883,2315
32,"maize",2012,57373.2577921078,-2567.3880806304,"Romance",7.16850767085077,3585
32,"maize",2012,57373.2577921078,-2567.3880806304,"Sci-Fi",6.79702380952381,1344
32,"maize",2012,57373.2577921078,-2567.3880806304,"Short",7.0574649859944,7140
32,"maize",2012,57373.2577921078,-2567.3880806304,"Sport",7.19867841409692,908
32,"maize",2012,57373.2577921078,-2567.3880806304,"Talk-Show",7.09758378799688,1283
32,"maize",2012,57373.2577921078,-2567.3880806304,"Thriller",6.73513243378311,2001
32,"maize",2012,57373.2577921078,-2567.3880806304,"War",6.92777777777778,288
33,"maize",2013,62649.7633894309,5276.5055973231,"Action",7.14479652065859,6438
33,"maize",2013,62649.7633894309,5276.5055973231,"Adult",6.20480620155039,645
33,"maize",2013,62649.7633894309,5276.5055973231,"Adventure",7.28737214059885,5377
33,"maize",2013,62649.7633894309,5276.5055973231,"Animation",7.32323093382241,6543
33,"maize",2013,62649.7633894309,5276.5055973231,"Biography",7.30433884297521,1452
33,"maize",2013,62649.7633894309,5276.5055973231,"Comedy",7.11669437188316,16844
33,"maize",2013,62649.7633894309,5276.5055973231,"Crime",7.33065507737969,4717
33,"maize",2013,62649.7633894309,5276.5055973231,"Documentary",7.35499486389317,7788
33,"maize",2013,62649.7633894309,5276.5055973231,"Drama",7.12301799838077,16057
33,"maize",2013,62649.7633894309,5276.5055973231,"Family",7.27478210342824,3442
33,"maize",2013,62649.7633894309,5276.5055973231,"Fantasy",7.12514677103718,2044
33,"maize",2013,62649.7633894309,5276.5055973231,"History",7.35289817232376,1915
33,"maize",2013,62649.7633894309,5276.5055973231,"Horror",6.20542168674699,2490
33,"maize",2013,62649.7633894309,5276.5055973231,"Music",7.12484700122399,1634
33,"maize",2013,62649.7633894309,5276.5055973231,"Musical",7.30505319148936,376
33,"maize",2013,62649.7633894309,5276.5055973231,"Mystery",7.17065737919025,2297
33,"maize",2013,62649.7633894309,5276.5055973231,"Other",7.01438906752412,2488
33,"maize",2013,62649.7633894309,5276.5055973231,"Romance",7.03161222339305,3796
33,"maize",2013,62649.7633894309,5276.5055973231,"Sci-Fi",6.885554866708,1613
33,"maize",2013,62649.7633894309,5276.5055973231,"Short",6.96948283231229,7019
33,"maize",2013,62649.7633894309,5276.5055973231,"Sport",7.32572145545797,797
33,"maize",2013,62649.7633894309,5276.5055973231,"Talk-Show",7.06296296296296,1377
33,"maize",2013,62649.7633894309,5276.5055973231,"Thriller",6.43405762871989,2117
33,"maize",2013,62649.7633894309,5276.5055973231,"War",7.05893854748603,358
34,"maize",2014,65432.539790526,2782.77640109511,"Action",7.24194488992565,6859
34,"maize",2014,65432.539790526,2782.77640109511,"Adult",6.13157076205288,643
34,"maize",2014,65432.539790526,2782.77640109511,"Adventure",7.34681728527882,5577
34,"maize",2014,65432.539790526,2782.77640109511,"Animation",7.2854564132668,6814
34,"maize",2014,65432.539790526,2782.77640109511,"Biography",7.29029850746269,1608
34,"maize",2014,65432.539790526,2782.77640109511,"Comedy",7.15222017939718,17949
34,"maize",2014,65432.539790526,2782.77640109511,"Crime",7.36831924882629,5325
34,"maize",2014,65432.539790526,2782.77640109511,"Documentary",7.38915503129514,8308
34,"maize",2014,65432.539790526,2782.77640109511,"Drama",7.20394838556223,16817
34,"maize",2014,65432.539790526,2782.77640109511,"Family",7.14020085209982,3286
34,"maize",2014,65432.539790526,2782.77640109511,"Fantasy",7.16822388717497,2269
34,"maize",2014,65432.539790526,2782.77640109511,"History",7.52755102040816,2254
34,"maize",2014,65432.539790526,2782.77640109511,"Horror",6.17492354740061,2616
34,"maize",2014,65432.539790526,2782.77640109511,"Music",7.20129259694477,1702
34,"maize",2014,65432.539790526,2782.77640109511,"Musical",7.08025078369906,319
34,"maize",2014,65432.539790526,2782.77640109511,"Mystery",7.19429037520392,2452
34,"maize",2014,65432.539790526,2782.77640109511,"Other",7.12524822695035,2820
34,"maize",2014,65432.539790526,2782.77640109511,"Romance",7.11639458955224,4288
34,"maize",2014,65432.539790526,2782.77640109511,"Sci-Fi",6.95948372615039,1782
34,"maize",2014,65432.539790526,2782.77640109511,"Short",7.05667289182589,6961
34,"maize",2014,65432.539790526,2782.77640109511,"Sport",7.24090909090909,946
34,"maize",2014,65432.539790526,2782.77640109511,"Talk-Show",6.97519337016575,1810
34,"maize",2014,65432.539790526,2782.77640109511,"Thriller",6.45830748781568,2257
34,"maize",2014,65432.539790526,2782.77640109511,"War",7.6472049689441,644
35,"maize",2015,61505.4034909904,-3927.1362995356,"Action",7.13364589078875,7252
35,"maize",2015,61505.4034909904,-3927.1362995356,"Adult",6.31841620626151,543
35,"maize",2015,61505.4034909904,-3927.1362995356,"Adventure",7.24597775270031,6203
35,"maize",2015,61505.4034909904,-3927.1362995356,"Animation",7.34520665901263,6968
35,"maize",2015,61505.4034909904,-3927.1362995356,"Biography",7.25283687943262,1692
35,"maize",2015,61505.4034909904,-3927.1362995356,"Comedy",7.10937313432836,18425
35,"maize",2015,61505.4034909904,-3927.1362995356,"Crime",7.36181246726035,5727
35,"maize",2015,61505.4034909904,-3927.1362995356,"Documentary",7.27831069108092,8465
35,"maize",2015,61505.4034909904,-3927.1362995356,"Drama",7.18420184321311,17578
35,"maize",2015,61505.4034909904,-3927.1362995356,"Family",7.16811286407767,3296
35,"maize",2015,61505.4034909904,-3927.1362995356,"Fantasy",7.26320754716981,2544
35,"maize",2015,61505.4034909904,-3927.1362995356,"History",7.37447432762836,2045
35,"maize",2015,61505.4034909904,-3927.1362995356,"Horror",6.17671794871795,2925
35,"maize",2015,61505.4034909904,-3927.1362995356,"Music",7.10292807129217,1571
35,"maize",2015,61505.4034909904,-3927.1362995356,"Musical",7.01289398280802,349
35,"maize",2015,61505.4034909904,-3927.1362995356,"Mystery",7.15569230769231,2600
35,"maize",2015,61505.4034909904,-3927.1362995356,"Other",7.03975862068965,2900
35,"maize",2015,61505.4034909904,-3927.1362995356,"Romance",7.10870503597122,4170
35,"maize",2015,61505.4034909904,-3927.1362995356,"Sci-Fi",6.85981912144703,1548
35,"maize",2015,61505.4034909904,-3927.1362995356,"Short",7.03921810699589,7290
35,"maize",2015,61505.4034909904,-3927.1362995356,"Sport",7.29567567567568,925
35,"maize",2015,61505.4034909904,-3927.1362995356,"Talk-Show",6.87754090233019,2017
35,"maize",2015,61505.4034909904,-3927.1362995356,"Thriller",6.50216503267974,2448
35,"maize",2015,61505.4034909904,-3927.1362995356,"War",7.31216545012165,411
36,"maize",2016,65079.8314543292,3574.4279633388,"Action",7.21536398981097,7459
36,"maize",2016,65079.8314543292,3574.4279633388,"Adult",6.73098039215686,510
36,"maize",2016,65079.8314543292,3574.4279633388,"Adventure",7.34394400486914,6572
36,"maize",2016,65079.8314543292,3574.4279633388,"Animation",7.32618337440021,7711
36,"maize",2016,65079.8314543292,3574.4279633388,"Biography",7.3350443599493,1578
36,"maize",2016,65079.8314543292,3574.4279633388,"Comedy",7.14320900060815,19732
36,"maize",2016,65079.8314543292,3574.4279633388,"Crime",7.3630594629156,6256
36,"maize",2016,65079.8314543292,3574.4279633388,"Documentary",7.33872743284897,9084
36,"maize",2016,65079.8314543292,3574.4279633388,"Drama",7.24628003575372,19019
36,"maize",2016,65079.8314543292,3574.4279633388,"Family",7.19309242085066,3127
36,"maize",2016,65079.8314543292,3574.4279633388,"Fantasy",7.26647123488457,2729
36,"maize",2016,65079.8314543292,3574.4279633388,"History",7.49922161172161,2184
36,"maize",2016,65079.8314543292,3574.4279633388,"Horror",6.12345337026777,3249
36,"maize",2016,65079.8314543292,3574.4279633388,"Music",7.22904516866781,1749
36,"maize",2016,65079.8314543292,3574.4279633388,"Musical",7.17602739726027,438
36,"maize",2016,65079.8314543292,3574.4279633388,"Mystery",7.13700374531835,2670
36,"maize",2016,65079.8314543292,3574.4279633388,"Other",7.06020976728941,3051
36,"maize",2016,65079.8314543292,3574.4279633388,"Romance",7.18654359430605,4496
36,"maize",2016,65079.8314543292,3574.4279633388,"Sci-Fi",6.8805023923445,1672
36,"maize",2016,65079.8314543292,3574.4279633388,"Short",7.11547174358356,8299
36,"maize",2016,65079.8314543292,3574.4279633388,"Sport",7.19232673267327,1212
36,"maize",2016,65079.8314543292,3574.4279633388,"Talk-Show",6.81327294210319,2539
36,"maize",2016,65079.8314543292,3574.4279633388,"Thriller",6.40405819295559,2612
36,"maize",2016,65079.8314543292,3574.4279633388,"War",7.46635294117647,425
111,"rice",1983,31480.5814794451,-305.126668065801,"Action",6.72319391634981,1315
111,"rice",1983,31480.5814794451,-305.126668065801,"Adult",5.69228295819936,311
111,"rice",1983,31480.5814794451,-305.126668065801,"Adventure",6.84428672817601,1409
111,"rice",1983,31480.5814794451,-305.126668065801,"Animation",6.9119512195122,1230
111,"rice",1983,31480.5814794451,-305.126668065801,"Biography",7.19507042253521,142
111,"rice",1983,31480.5814794451,-305.126668065801,"Comedy",6.8160472972973,2368
111,"rice",1983,31480.5814794451,-305.126668065801,"Crime",6.99142185663925,851
111,"rice",1983,31480.5814794451,-305.126668065801,"Documentary",7.24748490945674,497
111,"rice",1983,31480.5814794451,-305.126668065801,"Drama",6.83731836195509,3028
111,"rice",1983,31480.5814794451,-305.126668065801,"Family",6.99075025693731,973
111,"rice",1983,31480.5814794451,-305.126668065801,"Fantasy",6.62304832713755,269
111,"rice",1983,31480.5814794451,-305.126668065801,"History",7.32268041237113,194
111,"rice",1983,31480.5814794451,-305.126668065801,"Horror",5.675,208
111,"rice",1983,31480.5814794451,-305.126668065801,"Music",6.97774294670846,319
111,"rice",1983,31480.5814794451,-305.126668065801,"Musical",6.44655172413793,116
111,"rice",1983,31480.5814794451,-305.126668065801,"Mystery",6.84221453287197,289
111,"rice",1983,31480.5814794451,-305.126668065801,"Other",6.83473684210527,95
111,"rice",1983,31480.5814794451,-305.126668065801,"Romance",6.75363489499192,619
111,"rice",1983,31480.5814794451,-305.126668065801,"Sci-Fi",6.13406593406593,182
111,"rice",1983,31480.5814794451,-305.126668065801,"Short",6.41658291457286,398
111,"rice",1983,31480.5814794451,-305.126668065801,"Sport",6.51884057971014,69
111,"rice",1983,31480.5814794451,-305.126668065801,"Talk-Show",7.43614457831325,83
111,"rice",1983,31480.5814794451,-305.126668065801,"Thriller",6.0073732718894,217
111,"rice",1983,31480.5814794451,-305.126668065801,"War",6.95534591194969,159
112,"rice",1984,33314.8282940742,1834.2468146291,"Action",6.625,1240
112,"rice",1984,33314.8282940742,1834.2468146291,"Adult",5.73542168674699,415
112,"rice",1984,33314.8282940742,1834.2468146291,"Adventure",6.71043239533288,1457
112,"rice",1984,33314.8282940742,1834.2468146291,"Animation",6.68136117556071,1293
112,"rice",1984,33314.8282940742,1834.2468146291,"Biography",7.0965811965812,117
112,"rice",1984,33314.8282940742,1834.2468146291,"Comedy",6.78380097268986,2673
112,"rice",1984,33314.8282940742,1834.2468146291,"Crime",7.0567940552017,942
112,"rice",1984,33314.8282940742,1834.2468146291,"Documentary",7.17251732101617,433
112,"rice",1984,33314.8282940742,1834.2468146291,"Drama",6.84439083232811,3316
112,"rice",1984,33314.8282940742,1834.2468146291,"Family",7.06043388429752,968
112,"rice",1984,33314.8282940742,1834.2468146291,"Fantasy",6.73309090909091,275
112,"rice",1984,33314.8282940742,1834.2468146291,"History",7.40174672489083,229
112,"rice",1984,33314.8282940742,1834.2468146291,"Horror",5.73938053097345,226
112,"rice",1984,33314.8282940742,1834.2468146291,"Music",7.0469696969697,330
112,"rice",1984,33314.8282940742,1834.2468146291,"Musical",6.58225806451613,124
112,"rice",1984,33314.8282940742,1834.2468146291,"Mystery",6.96132404181185,287
112,"rice",1984,33314.8282940742,1834.2468146291,"Other",7.086,100
112,"rice",1984,33314.8282940742,1834.2468146291,"Romance",6.7110119047619,672
112,"rice",1984,33314.8282940742,1834.2468146291,"Sci-Fi",6.20175438596491,228
112,"rice",1984,33314.8282940742,1834.2468146291,"Short",6.56414141414141,396
112,"rice",1984,33314.8282940742,1834.2468146291,"Sport",6.46181818181818,110
112,"rice",1984,33314.8282940742,1834.2468146291,"Talk-Show",7.53382352941177,68
112,"rice",1984,33314.8282940742,1834.2468146291,"Thriller",5.98177966101695,236
112,"rice",1984,33314.8282940742,1834.2468146291,"War",6.84803149606299,127
113,"rice",1985,33267.3515544403,-47.4767396339012,"Action",6.7241550695825,2012
113,"rice",1985,33267.3515544403,-47.4767396339012,"Adult",6.00251798561151,556
113,"rice",1985,33267.3515544403,-47.4767396339012,"Adventure",6.8415626695605,1843
113,"rice",1985,33267.3515544403,-47.4767396339012,"Animation",6.95957224830464,1917
113,"rice",1985,33267.3515544403,-47.4767396339012,"Biography",6.88173076923077,104
113,"rice",1985,33267.3515544403,-47.4767396339012,"Comedy",6.82630780894617,2638
113,"rice",1985,33267.3515544403,-47.4767396339012,"Crime",6.92310821806347,1229
113,"rice",1985,33267.3515544403,-47.4767396339012,"Documentary",7.22767676767677,495
113,"rice",1985,33267.3515544403,-47.4767396339012,"Drama",6.89484536082474,3589
113,"rice",1985,33267.3515544403,-47.4767396339012,"Family",7.24643527204503,1066
113,"rice",1985,33267.3515544403,-47.4767396339012,"Fantasy",6.78821917808219,365
113,"rice",1985,33267.3515544403,-47.4767396339012,"History",7.40054347826087,184
113,"rice",1985,33267.3515544403,-47.4767396339012,"Horror",5.4780701754386,228
113,"rice",1985,33267.3515544403,-47.4767396339012,"Music",7.28409090909091,352
113,"rice",1985,33267.3515544403,-47.4767396339012,"Musical",6.38849557522124,113
113,"rice",1985,33267.3515544403,-47.4767396339012,"Mystery",7.07004950495049,404
113,"rice",1985,33267.3515544403,-47.4767396339012,"Other",7.07261904761905,84
113,"rice",1985,33267.3515544403,-47.4767396339012,"Romance",6.74799025578563,821
113,"rice",1985,33267.3515544403,-47.4767396339012,"Sci-Fi",6.42783882783883,273
113,"rice",1985,33267.3515544403,-47.4767396339012,"Short",6.38545454545455,440
113,"rice",1985,33267.3515544403,-47.4767396339012,"Sport",6.15925925925926,108
113,"rice",1985,33267.3515544403,-47.4767396339012,"Talk-Show",7.21428571428571,84
113,"rice",1985,33267.3515544403,-47.4767396339012,"Thriller",6.03032786885246,244
113,"rice",1985,33267.3515544403,-47.4767396339012,"War",6.71301369863014,146
114,"rice",1986,33600.0779096913,332.726355251005,"Action",6.86908442330559,1682
114,"rice",1986,33600.0779096913,332.726355251005,"Adult",5.97558139534884,516
114,"rice",1986,33600.0779096913,332.726355251005,"Adventure",6.95258413461538,1664
114,"rice",1986,33600.0779096913,332.726355251005,"Animation",7.05661467359908,1731
114,"rice",1986,33600.0779096913,332.726355251005,"Biography",7.04265734265734,143
114,"rice",1986,33600.0779096913,332.726355251005,"Comedy",6.86066291432145,3198
114,"rice",1986,33600.0779096913,332.726355251005,"Crime",6.88852188274154,1211
114,"rice",1986,33600.0779096913,332.726355251005,"Documentary",7.21708428246014,439
114,"rice",1986,33600.0779096913,332.726355251005,"Drama",6.86050972869279,3649
114,"rice",1986,33600.0779096913,332.726355251005,"Family",7.09429477020602,1262
114,"rice",1986,33600.0779096913,332.726355251005,"Fantasy",6.74244791666667,384
114,"rice",1986,33600.0779096913,332.726355251005,"History",7.22477064220184,109
114,"rice",1986,33600.0779096913,332.726355251005,"Horror",5.60431654676259,278
114,"rice",1986,33600.0779096913,332.726355251005,"Music",6.88646864686469,303
114,"rice",1986,33600.0779096913,332.726355251005,"Musical",6.78561151079137,139
114,"rice",1986,33600.0779096913,332.726355251005,"Mystery",7.1,329
114,"rice",1986,33600.0779096913,332.726355251005,"Other",6.38133333333333,75
114,"rice",1986,33600.0779096913,332.726355251005,"Romance",6.6387969924812,665
114,"rice",1986,33600.0779096913,332.726355251005,"Sci-Fi",6.46024096385542,249
114,"rice",1986,33600.0779096913,332.726355251005,"Short",6.54436781609195,435
114,"rice",1986,33600.0779096913,332.726355251005,"Sport",6.15967741935484,124
114,"rice",1986,33600.0779096913,332.726355251005,"Talk-Show",7.56818181818182,66
114,"rice",1986,33600.0779096913,332.726355251005,"Thriller",5.87671755725191,262
114,"rice",1986,33600.0779096913,332.726355251005,"War",6.4368932038835,103
115,"rice",1987,33879.508681003,279.430771311694,"Action",6.61731946144431,1634
115,"rice",1987,33879.508681003,279.430771311694,"Adult",5.9877358490566,424
115,"rice",1987,33879.508681003,279.430771311694,"Adventure",6.93403068340307,1434
115,"rice",1987,33879.508681003,279.430771311694,"Animation",7.10102105934907,1567
115,"rice",1987,33879.508681003,279.430771311694,"Biography",7.15826771653543,127
115,"rice",1987,33879.508681003,279.430771311694,"Comedy",6.87992125984252,3302
115,"rice",1987,33879.508681003,279.430771311694,"Crime",6.9263109475621,1087
115,"rice",1987,33879.508681003,279.430771311694,"Documentary",7.40018450184502,542
115,"rice",1987,33879.508681003,279.430771311694,"Drama",6.90586473671076,4007
115,"rice",1987,33879.508681003,279.430771311694,"Family",7.2551328068916,1393
115,"rice",1987,33879.508681003,279.430771311694,"Fantasy",6.5676844783715,393
115,"rice",1987,33879.508681003,279.430771311694,"History",7.2379679144385,187
115,"rice",1987,33879.508681003,279.430771311694,"Horror",5.61568123393316,389
115,"rice",1987,33879.508681003,279.430771311694,"Music",7.25296167247387,287
115,"rice",1987,33879.508681003,279.430771311694,"Musical",6.61875,112
115,"rice",1987,33879.508681003,279.430771311694,"Mystery",7.12184684684685,444
115,"rice",1987,33879.508681003,279.430771311694,"Other",6.56206896551724,87
115,"rice",1987,33879.508681003,279.430771311694,"Romance",6.96394176931691,893
115,"rice",1987,33879.508681003,279.430771311694,"Sci-Fi",6.31274509803922,306
115,"rice",1987,33879.508681003,279.430771311694,"Short",6.54635627530364,494
115,"rice",1987,33879.508681003,279.430771311694,"Sport",6.15645161290323,124
115,"rice",1987,33879.508681003,279.430771311694,"Talk-Show",7.27741935483871,93
115,"rice",1987,33879.508681003,279.430771311694,"Thriller",5.91350482315113,311
115,"rice",1987,33879.508681003,279.430771311694,"War",6.9525,160
116,"rice",1988,33912.5389214922,33.0302404892063,"Action",6.45193798449612,1419
116,"rice",1988,33912.5389214922,33.0302404892063,"Adult",6.05983827493261,371
116,"rice",1988,33912.5389214922,33.0302404892063,"Adventure",6.89118165784832,1134
116,"rice",1988,33912.5389214922,33.0302404892063,"Animation",6.96361538461538,1300
116,"rice",1988,33912.5389214922,33.0302404892063,"Biography",7.12112676056338,142
116,"rice",1988,33912.5389214922,33.0302404892063,"Comedy",6.82293781725888,3152
116,"rice",1988,33912.5389214922,33.0302404892063,"Crime",6.83842105263158,1140
116,"rice",1988,33912.5389214922,33.0302404892063,"Documentary",7.04599659284497,587
116,"rice",1988,33912.5389214922,33.0302404892063,"Drama",6.908,3775
116,"rice",1988,33912.5389214922,33.0302404892063,"Family",7.26961038961039,1155
116,"rice",1988,33912.5389214922,33.0302404892063,"Fantasy",6.65574837310195,461
116,"rice",1988,33912.5389214922,33.0302404892063,"History",7.57107438016529,242
116,"rice",1988,33912.5389214922,33.0302404892063,"Horror",5.63943965517241,464
116,"rice",1988,33912.5389214922,33.0302404892063,"Music",7.1522491349481,289
116,"rice",1988,33912.5389214922,33.0302404892063,"Musical",6.38709677419355,93
116,"rice",1988,33912.5389214922,33.0302404892063,"Mystery",6.95885947046843,491
116,"rice",1988,33912.5389214922,33.0302404892063,"Other",6.60344827586207,116
116,"rice",1988,33912.5389214922,33.0302404892063,"Romance",6.88479467258602,901
116,"rice",1988,33912.5389214922,33.0302404892063,"Sci-Fi",6.28429487179487,312
116,"rice",1988,33912.5389214922,33.0302404892063,"Short",6.60202839756592,493
116,"rice",1988,33912.5389214922,33.0302404892063,"Sport",6.43790322580645,124
116,"rice",1988,33912.5389214922,33.0302404892063,"Talk-Show",7.5,70
116,"rice",1988,33912.5389214922,33.0302404892063,"Thriller",6.07379679144385,374
116,"rice",1988,33912.5389214922,33.0302404892063,"War",6.8719806763285,207
117,"rice",1989,36852.6228187885,2940.0838972963,"Action",6.55250596658711,1676
117,"rice",1989,36852.6228187885,2940.0838972963,"Adult",6.20606796116505,412
117,"rice",1989,36852.6228187885,2940.0838972963,"Adventure",6.82483847810481,1393
117,"rice",1989,36852.6228187885,2940.0838972963,"Animation",6.91186943620178,1348
117,"rice",1989,36852.6228187885,2940.0838972963,"Biography",6.89714285714286,140
117,"rice",1989,36852.6228187885,2940.0838972963,"Comedy",6.89529078014184,3525
117,"rice",1989,36852.6228187885,2940.0838972963,"Crime",6.81637658227848,1264
117,"rice",1989,36852.6228187885,2940.0838972963,"Documentary",7.08524332810047,637
117,"rice",1989,36852.6228187885,2940.0838972963,"Drama",6.90429813664596,4025
117,"rice",1989,36852.6228187885,2940.0838972963,"Family",7.23338607594937,1264
117,"rice",1989,36852.6228187885,2940.0838972963,"Fantasy",6.59295499021526,511
117,"rice",1989,36852.6228187885,2940.0838972963,"History",7.19222614840989,283
117,"rice",1989,36852.6228187885,2940.0838972963,"Horror",5.60994263862333,523
117,"rice",1989,36852.6228187885,2940.0838972963,"Music",7.23170731707317,287
117,"rice",1989,36852.6228187885,2940.0838972963,"Musical",6.57037037037037,81
117,"rice",1989,36852.6228187885,2940.0838972963,"Mystery",7.02310286677909,593
117,"rice",1989,36852.6228187885,2940.0838972963,"Other",6.84444444444445,180
117,"rice",1989,36852.6228187885,2940.0838972963,"Romance",6.73271832718327,813
117,"rice",1989,36852.6228187885,2940.0838972963,"Sci-Fi",6.17577639751553,322
117,"rice",1989,36852.6228187885,2940.0838972963,"Short",6.54214559386973,522
117,"rice",1989,36852.6228187885,2940.0838972963,"Sport",6.71888888888889,180
117,"rice",1989,36852.6228187885,2940.0838972963,"Talk-Show",7.26829268292683,82
117,"rice",1989,36852.6228187885,2940.0838972963,"Thriller",5.83809523809524,399
117,"rice",1989,36852.6228187885,2940.0838972963,"War",7.09409090909091,220
118,"rice",1990,35393.3527275957,-1459.2700911928,"Action",6.38689288090486,1503
118,"rice",1990,35393.3527275957,-1459.2700911928,"Adult",6.19133663366337,404
118,"rice",1990,35393.3527275957,-1459.2700911928,"Adventure",7.05024734982332,1415
118,"rice",1990,35393.3527275957,-1459.2700911928,"Animation",6.99199706314244,1362
118,"rice",1990,35393.3527275957,-1459.2700911928,"Biography",6.839375,160
118,"rice",1990,35393.3527275957,-1459.2700911928,"Comedy",6.97618410489698,3737
118,"rice",1990,35393.3527275957,-1459.2700911928,"Crime",6.70660237388724,1348
118,"rice",1990,35393.3527275957,-1459.2700911928,"Documentary",7.02060857538036,723
118,"rice",1990,35393.3527275957,-1459.2700911928,"Drama",6.8402478314746,4035
118,"rice",1990,35393.3527275957,-1459.2700911928,"Family",7.09252640129976,1231
118,"rice",1990,35393.3527275957,-1459.2700911928,"Fantasy",6.43852813852814,462
118,"rice",1990,35393.3527275957,-1459.2700911928,"History",7.21747967479675,246
118,"rice",1990,35393.3527275957,-1459.2700911928,"Horror",5.55341176470588,425
118,"rice",1990,35393.3527275957,-1459.2700911928,"Music",7.24985835694051,353
118,"rice",1990,35393.3527275957,-1459.2700911928,"Musical",7.09649122807018,114
118,"rice",1990,35393.3527275957,-1459.2700911928,"Mystery",7.0950184501845,542
118,"rice",1990,35393.3527275957,-1459.2700911928,"Other",6.67209302325581,172
118,"rice",1990,35393.3527275957,-1459.2700911928,"Romance",6.52310513447433,818
118,"rice",1990,35393.3527275957,-1459.2700911928,"Sci-Fi",6.0978102189781,274
118,"rice",1990,35393.3527275957,-1459.2700911928,"Short",6.3631970260223,538
118,"rice",1990,35393.3527275957,-1459.2700911928,"Sport",6.83640552995392,217
118,"rice",1990,35393.3527275957,-1459.2700911928,"Talk-Show",6.99878048780488,82
118,"rice",1990,35393.3527275957,-1459.2700911928,"Thriller",5.74959128065395,367
118,"rice",1990,35393.3527275957,-1459.2700911928,"War",7.23028571428571,175
119,"rice",1991,37013.4167390245,1620.0640114288,"Action",6.53292533659731,1634
119,"rice",1991,37013.4167390245,1620.0640114288,"Adult",6.18719806763285,414
119,"rice",1991,37013.4167390245,1620.0640114288,"Adventure",7.08911651728553,1562
119,"rice",1991,37013.4167390245,1620.0640114288,"Animation",7.1132848645076,1513
119,"rice",1991,37013.4167390245,1620.0640114288,"Biography",6.91818181818182,143
119,"rice",1991,37013.4167390245,1620.0640114288,"Comedy",7.00351145038168,3930
119,"rice",1991,37013.4167390245,1620.0640114288,"Crime",6.81718131433096,1263
119,"rice",1991,37013.4167390245,1620.0640114288,"Documentary",7.17095541401274,785
119,"rice",1991,37013.4167390245,1620.0640114288,"Drama",6.90377262299261,3923
119,"rice",1991,37013.4167390245,1620.0640114288,"Family",7.19041353383459,1064
119,"rice",1991,37013.4167390245,1620.0640114288,"Fantasy",6.58095238095238,483
119,"rice",1991,37013.4167390245,1620.0640114288,"History",7.48286713286713,286
119,"rice",1991,37013.4167390245,1620.0640114288,"Horror",5.6,354
119,"rice",1991,37013.4167390245,1620.0640114288,"Music",7.27204819277108,415
119,"rice",1991,37013.4167390245,1620.0640114288,"Musical",6.82680412371134,97
119,"rice",1991,37013.4167390245,1620.0640114288,"Mystery",7.02337917485265,509
119,"rice",1991,37013.4167390245,1620.0640114288,"Other",7.04615384615385,169
119,"rice",1991,37013.4167390245,1620.0640114288,"Romance",6.62362971985384,821
119,"rice",1991,37013.4167390245,1620.0640114288,"Sci-Fi",6.24147286821705,258
119,"rice",1991,37013.4167390245,1620.0640114288,"Short",6.74388984509466,581
119,"rice",1991,37013.4167390245,1620.0640114288,"Sport",6.7565,200
119,"rice",1991,37013.4167390245,1620.0640114288,"Talk-Show",6.8394495412844,109
119,"rice",1991,37013.4167390245,1620.0640114288,"Thriller",5.74,350
119,"rice",1991,37013.4167390245,1620.0640114288,"War",6.89333333333333,120
120,"rice",1992,36601.830461286,-411.586277738497,"Action",6.53590425531915,1504
120,"rice",1992,36601.830461286,-411.586277738497,"Adult",6.29188118811881,505
120,"rice",1992,36601.830461286,-411.586277738497,"Adventure",7.08560606060606,1584
120,"rice",1992,36601.830461286,-411.586277738497,"Animation",7.11291696238467,1409
120,"rice",1992,36601.830461286,-411.586277738497,"Biography",6.97153284671533,137
120,"rice",1992,36601.830461286,-411.586277738497,"Comedy",7.02885043263288,4045
120,"rice",1992,36601.830461286,-411.586277738497,"Crime",6.83067577828398,1317
120,"rice",1992,36601.830461286,-411.586277738497,"Documentary",7.12360616844603,843
120,"rice",1992,36601.830461286,-411.586277738497,"Drama",6.85292450399382,3881
120,"rice",1992,36601.830461286,-411.586277738497,"Family",7.06808873720137,1172
120,"rice",1992,36601.830461286,-411.586277738497,"Fantasy",6.7445871559633,545
120,"rice",1992,36601.830461286,-411.586277738497,"History",7.25016611295681,301
120,"rice",1992,36601.830461286,-411.586277738497,"Horror",5.64587912087912,364
120,"rice",1992,36601.830461286,-411.586277738497,"Music",7.24915254237288,413
120,"rice",1992,36601.830461286,-411.586277738497,"Musical",6.75540540540541,74
120,"rice",1992,36601.830461286,-411.586277738497,"Mystery",7.06137931034483,435
120,"rice",1992,36601.830461286,-411.586277738497,"Other",6.73473053892215,167
120,"rice",1992,36601.830461286,-411.586277738497,"Romance",6.53239740820734,926
120,"rice",1992,36601.830461286,-411.586277738497,"Sci-Fi",6.36489361702128,282
120,"rice",1992,36601.830461286,-411.586277738497,"Short",6.59237012987013,616
120,"rice",1992,36601.830461286,-411.586277738497,"Sport",6.76623376623377,231
120,"rice",1992,36601.830461286,-411.586277738497,"Talk-Show",6.24444444444444,99
120,"rice",1992,36601.830461286,-411.586277738497,"Thriller",5.6976253298153,379
120,"rice",1992,36601.830461286,-411.586277738497,"War",7.02991452991453,117
121,"rice",1993,38023.7538960464,1421.9234347604,"Action",6.76009538950715,1887
121,"rice",1993,38023.7538960464,1421.9234347604,"Adult",6.30644599303136,574
121,"rice",1993,38023.7538960464,1421.9234347604,"Adventure",7.18787706317587,1757
121,"rice",1993,38023.7538960464,1421.9234347604,"Animation",7.29629147690306,1537
121,"rice",1993,38023.7538960464,1421.9234347604,"Biography",7.10245098039216,204
121,"rice",1993,38023.7538960464,1421.9234347604,"Comedy",7.06883243771373,4094
121,"rice",1993,38023.7538960464,1421.9234347604,"Crime",6.95122273628553,1513
121,"rice",1993,38023.7538960464,1421.9234347604,"Documentary",7.16536748329621,898
121,"rice",1993,38023.7538960464,1421.9234347604,"Drama",6.93531376759723,4191
121,"rice",1993,38023.7538960464,1421.9234347604,"Family",7.15480620155039,1290
121,"rice",1993,38023.7538960464,1421.9234347604,"Fantasy",6.81482213438735,506
121,"rice",1993,38023.7538960464,1421.9234347604,"History",7.19651162790698,172
121,"rice",1993,38023.7538960464,1421.9234347604,"Horror",5.72547770700637,314
121,"rice",1993,38023.7538960464,1421.9234347604,"Music",7.29744680851064,470
121,"rice",1993,38023.7538960464,1421.9234347604,"Musical",6.5641975308642,81
121,"rice",1993,38023.7538960464,1421.9234347604,"Mystery",7.27781456953642,604
121,"rice",1993,38023.7538960464,1421.9234347604,"Other",6.65635593220339,236
121,"rice",1993,38023.7538960464,1421.9234347604,"Romance",6.62842696629213,890
121,"rice",1993,38023.7538960464,1421.9234347604,"Sci-Fi",6.3420245398773,326
121,"rice",1993,38023.7538960464,1421.9234347604,"Short",6.56772793053546,691
121,"rice",1993,38023.7538960464,1421.9234347604,"Sport",6.4487012987013,308
121,"rice",1993,38023.7538960464,1421.9234347604,"Talk-Show",6.20246913580247,81
121,"rice",1993,38023.7538960464,1421.9234347604,"Thriller",5.65288220551378,399
121,"rice",1993,38023.7538960464,1421.9234347604,"War",6.50574712643678,87
122,"rice",1994,37636.8758772742,-386.8780187722,"Action",6.75739206279983,2293
122,"rice",1994,37636.8758772742,-386.8780187722,"Adult",6.3875,616
122,"rice",1994,37636.8758772742,-386.8780187722,"Adventure",7.15920930232558,2150
122,"rice",1994,37636.8758772742,-386.8780187722,"Animation",7.31953955135773,1694
122,"rice",1994,37636.8758772742,-386.8780187722,"Biography",6.86268656716418,201
122,"rice",1994,37636.8758772742,-386.8780187722,"Comedy",7.06714453584019,4255
122,"rice",1994,37636.8758772742,-386.8780187722,"Crime",6.9934396076027,1631
122,"rice",1994,37636.8758772742,-386.8780187722,"Documentary",7.18310749774164,1107
122,"rice",1994,37636.8758772742,-386.8780187722,"Drama",6.90936872629935,4483
122,"rice",1994,37636.8758772742,-386.8780187722,"Family",7.15595588235294,1360
122,"rice",1994,37636.8758772742,-386.8780187722,"Fantasy",6.80910683012259,571
122,"rice",1994,37636.8758772742,-386.8780187722,"History",7.36028037383178,214
122,"rice",1994,37636.8758772742,-386.8780187722,"Horror",5.73046357615894,302
122,"rice",1994,37636.8758772742,-386.8780187722,"Music",7.34447058823529,425
122,"rice",1994,37636.8758772742,-386.8780187722,"Musical",7.20967741935484,93
122,"rice",1994,37636.8758772742,-386.8780187722,"Mystery",7.09176829268293,656
122,"rice",1994,37636.8758772742,-386.8780187722,"Other",6.91892744479495,317
122,"rice",1994,37636.8758772742,-386.8780187722,"Romance",6.73022312373225,986
122,"rice",1994,37636.8758772742,-386.8780187722,"Sci-Fi",6.31967213114754,366
122,"rice",1994,37636.8758772742,-386.8780187722,"Short",6.60054794520548,730
122,"rice",1994,37636.8758772742,-386.8780187722,"Sport",6.71163522012579,318
122,"rice",1994,37636.8758772742,-386.8780187722,"Talk-Show",6.38,115
122,"rice",1994,37636.8758772742,-386.8780187722,"Thriller",5.76780821917808,438
122,"rice",1994,37636.8758772742,-386.8780187722,"War",7.11775700934579,107
123,"rice",1995,37939.9112285636,303.0353512894,"Action",6.90427176566314,2458
123,"rice",1995,37939.9112285636,303.0353512894,"Adult",6.39351988217968,679
123,"rice",1995,37939.9112285636,303.0353512894,"Adventure",7.32454702329594,2318
123,"rice",1995,37939.9112285636,303.0353512894,"Animation",7.43774062816616,1974
123,"rice",1995,37939.9112285636,303.0353512894,"Biography",6.89806451612903,310
123,"rice",1995,37939.9112285636,303.0353512894,"Comedy",7.10939471839215,4279
123,"rice",1995,37939.9112285636,303.0353512894,"Crime",7.03913305237809,1661
123,"rice",1995,37939.9112285636,303.0353512894,"Documentary",7.14599504541701,1211
123,"rice",1995,37939.9112285636,303.0353512894,"Drama",6.96751907609816,4849
123,"rice",1995,37939.9112285636,303.0353512894,"Family",7.11898016997167,1412
123,"rice",1995,37939.9112285636,303.0353512894,"Fantasy",7.00179856115108,556
123,"rice",1995,37939.9112285636,303.0353512894,"History",7.42961956521739,368
123,"rice",1995,37939.9112285636,303.0353512894,"Horror",5.6267029972752,367
123,"rice",1995,37939.9112285636,303.0353512894,"Music",7.43630705394191,482
123,"rice",1995,37939.9112285636,303.0353512894,"Musical",6.75365853658537,82
123,"rice",1995,37939.9112285636,303.0353512894,"Mystery",7.11926229508197,732
123,"rice",1995,37939.9112285636,303.0353512894,"Other",7.15225806451613,310
123,"rice",1995,37939.9112285636,303.0353512894,"Romance",6.80464216634429,1034
123,"rice",1995,37939.9112285636,303.0353512894,"Sci-Fi",6.29800884955752,452
123,"rice",1995,37939.9112285636,303.0353512894,"Short",6.6487684729064,812
123,"rice",1995,37939.9112285636,303.0353512894,"Sport",6.62269736842105,304
123,"rice",1995,37939.9112285636,303.0353512894,"Talk-Show",6.84150943396226,159
123,"rice",1995,37939.9112285636,303.0353512894,"Thriller",5.82674199623352,531
123,"rice",1995,37939.9112285636,303.0353512894,"War",7.43155339805825,206
124,"rice",1996,40497.7455267087,2557.8342981451,"Action",6.92350443844076,2591
124,"rice",1996,40497.7455267087,2557.8342981451,"Adult",6.48270676691729,532
124,"rice",1996,40497.7455267087,2557.8342981451,"Adventure",7.19391143911439,2168
124,"rice",1996,40497.7455267087,2557.8342981451,"Animation",7.33894255210981,1967
124,"rice",1996,40497.7455267087,2557.8342981451,"Biography",6.72935153583618,293
124,"rice",1996,40497.7455267087,2557.8342981451,"Comedy",7.06263374485597,4860
124,"rice",1996,40497.7455267087,2557.8342981451,"Crime",7.05163288288288,1776
124,"rice",1996,40497.7455267087,2557.8342981451,"Documentary",7.20030326004549,1319
124,"rice",1996,40497.7455267087,2557.8342981451,"Drama",6.97454508280515,4891
124,"rice",1996,40497.7455267087,2557.8342981451,"Family",7.22015838732901,1389
124,"rice",1996,40497.7455267087,2557.8342981451,"Fantasy",6.829793977813,631
124,"rice",1996,40497.7455267087,2557.8342981451,"History",7.22016129032258,248
124,"rice",1996,40497.7455267087,2557.8342981451,"Horror",5.93832923832924,407
124,"rice",1996,40497.7455267087,2557.8342981451,"Music",7.35653153153153,444
124,"rice",1996,40497.7455267087,2557.8342981451,"Musical",6.61739130434783,92
124,"rice",1996,40497.7455267087,2557.8342981451,"Mystery",7.24782608695652,736
124,"rice",1996,40497.7455267087,2557.8342981451,"Other",6.63728323699422,346
124,"rice",1996,40497.7455267087,2557.8342981451,"Romance",6.85032021957914,1093
124,"rice",1996,40497.7455267087,2557.8342981451,"Sci-Fi",6.34665127020785,433
124,"rice",1996,40497.7455267087,2557.8342981451,"Short",6.66135371179039,916
124,"rice",1996,40497.7455267087,2557.8342981451,"Sport",6.6463768115942,345
124,"rice",1996,40497.7455267087,2557.8342981451,"Talk-Show",6.59444444444444,306
124,"rice",1996,40497.7455267087,2557.8342981451,"Thriller",5.92202166064982,554
124,"rice",1996,40497.7455267087,2557.8342981451,"War",7.19345794392523,107
125,"rice",1997,39249.2050391138,-1248.5404875949,"Action",7.00343362831858,2825
125,"rice",1997,39249.2050391138,-1248.5404875949,"Adult",6.51852551984877,529
125,"rice",1997,39249.2050391138,-1248.5404875949,"Adventure",7.16485647788984,2578
125,"rice",1997,39249.2050391138,-1248.5404875949,"Animation",7.37197278911565,2205
125,"rice",1997,39249.2050391138,-1248.5404875949,"Biography",7.10925925925926,324
125,"rice",1997,39249.2050391138,-1248.5404875949,"Comedy",6.9587835354649,5442
125,"rice",1997,39249.2050391138,-1248.5404875949,"Crime",7.04979057591623,1910
125,"rice",1997,39249.2050391138,-1248.5404875949,"Documentary",7.22206381534284,1473
125,"rice",1997,39249.2050391138,-1248.5404875949,"Drama",6.94723082881487,5164
125,"rice",1997,39249.2050391138,-1248.5404875949,"Family",6.90176553672316,1416
125,"rice",1997,39249.2050391138,-1248.5404875949,"Fantasy",6.52556480380499,841
125,"rice",1997,39249.2050391138,-1248.5404875949,"History",7.33479318734793,411
125,"rice",1997,39249.2050391138,-1248.5404875949,"Horror",5.85926892950392,383
125,"rice",1997,39249.2050391138,-1248.5404875949,"Music",7.03300395256917,506
125,"rice",1997,39249.2050391138,-1248.5404875949,"Musical",5.81120331950207,241
125,"rice",1997,39249.2050391138,-1248.5404875949,"Mystery",7.31002506265664,798
125,"rice",1997,39249.2050391138,-1248.5404875949,"Other",6.01017964071856,334
125,"rice",1997,39249.2050391138,-1248.5404875949,"Romance",6.80284360189573,1266
125,"rice",1997,39249.2050391138,-1248.5404875949,"Sci-Fi",6.43301204819277,415
125,"rice",1997,39249.2050391138,-1248.5404875949,"Short",6.67192118226601,1015
125,"rice",1997,39249.2050391138,-1248.5404875949,"Sport",6.72521994134897,341
125,"rice",1997,39249.2050391138,-1248.5404875949,"Talk-Show",5.63021390374332,374
125,"rice",1997,39249.2050391138,-1248.5404875949,"Thriller",5.95080500894454,559
125,"rice",1997,39249.2050391138,-1248.5404875949,"War",7.01848739495798,119
126,"rice",1998,39191.8614912387,-57.343547875098,"Action",6.96415532691669,3013
126,"rice",1998,39191.8614912387,-57.343547875098,"Adult",6.52848837209302,516
126,"rice",1998,39191.8614912387,-57.343547875098,"Adventure",7.16375650780937,2497
126,"rice",1998,39191.8614912387,-57.343547875098,"Animation",7.28402178847027,2203
126,"rice",1998,39191.8614912387,-57.343547875098,"Biography",6.97472527472527,364
126,"rice",1998,39191.8614912387,-57.343547875098,"Comedy",6.96455445544554,5555
126,"rice",1998,39191.8614912387,-57.343547875098,"Crime",7.06328754144955,2111
126,"rice",1998,39191.8614912387,-57.343547875098,"Documentary",7.1782412626832,1774
126,"rice",1998,39191.8614912387,-57.343547875098,"Drama",6.97336936265375,5366
126,"rice",1998,39191.8614912387,-57.343547875098,"Family",6.71688311688312,1309
126,"rice",1998,39191.8614912387,-57.343547875098,"Fantasy",6.29369797859691,841
126,"rice",1998,39191.8614912387,-57.343547875098,"History",7.41180555555556,288
126,"rice",1998,39191.8614912387,-57.343547875098,"Horror",5.81457489878543,494
126,"rice",1998,39191.8614912387,-57.343547875098,"Music",7.05496828752643,473
126,"rice",1998,39191.8614912387,-57.343547875098,"Musical",5.04226804123711,194
126,"rice",1998,39191.8614912387,-57.343547875098,"Mystery",7.31616541353383,798
126,"rice",1998,39191.8614912387,-57.343547875098,"Other",6.128,425
126,"rice",1998,39191.8614912387,-57.343547875098,"Romance",6.83554175293306,1449
126,"rice",1998,39191.8614912387,-57.343547875098,"Sci-Fi",6.5178970917226,447
126,"rice",1998,39191.8614912387,-57.343547875098,"Short",6.72970069071374,1303
126,"rice",1998,39191.8614912387,-57.343547875098,"Sport",6.70887949260042,473
126,"rice",1998,39191.8614912387,-57.343547875098,"Talk-Show",5.51261261261261,333
126,"rice",1998,39191.8614912387,-57.343547875098,"Thriller",6.08590831918506,589
126,"rice",1998,39191.8614912387,-57.343547875098,"War",7.14166666666667,144
127,"rice",1999,41714.1485297959,2522.2870385572,"Action",6.98412204234122,3212
127,"rice",1999,41714.1485297959,2522.2870385572,"Adult",6.63460869565217,575
127,"rice",1999,41714.1485297959,2522.2870385572,"Adventure",7.17402805611222,2495
127,"rice",1999,41714.1485297959,2522.2870385572,"Animation",7.27121451104101,2536
127,"rice",1999,41714.1485297959,2522.2870385572,"Biography",6.97815533980583,412
127,"rice",1999,41714.1485297959,2522.2870385572,"Comedy",6.95653953183827,6109
127,"rice",1999,41714.1485297959,2522.2870385572,"Crime",7.02723995880535,1942
127,"rice",1999,41714.1485297959,2522.2870385572,"Documentary",7.15432645034415,2034
127,"rice",1999,41714.1485297959,2522.2870385572,"Drama",6.92693856998993,5958
127,"rice",1999,41714.1485297959,2522.2870385572,"Family",7.05830235439901,1614
127,"rice",1999,41714.1485297959,2522.2870385572,"Fantasy",6.50764075067024,746
127,"rice",1999,41714.1485297959,2522.2870385572,"History",7.40326086956522,460
127,"rice",1999,41714.1485297959,2522.2870385572,"Horror",5.96684397163121,564
127,"rice",1999,41714.1485297959,2522.2870385572,"Music",6.96265486725664,565
127,"rice",1999,41714.1485297959,2522.2870385572,"Musical",5.26,115
127,"rice",1999,41714.1485297959,2522.2870385572,"Mystery",7.35493133583021,801
127,"rice",1999,41714.1485297959,2522.2870385572,"Other",6.50171821305842,291
127,"rice",1999,41714.1485297959,2522.2870385572,"Romance",6.80304449648712,1708
127,"rice",1999,41714.1485297959,2522.2870385572,"Sci-Fi",6.50286343612335,454
127,"rice",1999,41714.1485297959,2522.2870385572,"Short",6.60245591939547,1588
127,"rice",1999,41714.1485297959,2522.2870385572,"Sport",6.65133470225873,487
127,"rice",1999,41714.1485297959,2522.2870385572,"Talk-Show",6.25970695970696,273
127,"rice",1999,41714.1485297959,2522.2870385572,"Thriller",5.89983896940419,621
127,"rice",1999,41714.1485297959,2522.2870385572,"War",7.32088607594937,158
128,"rice",2000,41059.2700857483,-654.878444047601,"Action",6.93390216154721,3516
128,"rice",2000,41059.2700857483,-654.878444047601,"Adult",6.65238095238095,588
128,"rice",2000,41059.2700857483,-654.878444047601,"Adventure",7.02269158878505,2675
128,"rice",2000,41059.2700857483,-654.878444047601,"Animation",7.18362863217576,2822
128,"rice",2000,41059.2700857483,-654.878444047601,"Biography",7.01370143149284,489
128,"rice",2000,41059.2700857483,-654.878444047601,"Comedy",6.99127416955875,6051
128,"rice",2000,41059.2700857483,-654.878444047601,"Crime",7.03936120244246,2129
128,"rice",2000,41059.2700857483,-654.878444047601,"Documentary",7.0653895824365,2323
128,"rice",2000,41059.2700857483,-654.878444047601,"Drama",7.10999521759924,6273
128,"rice",2000,41059.2700857483,-654.878444047601,"Family",7.05932721712538,1635
128,"rice",2000,41059.2700857483,-654.878444047601,"Fantasy",6.54622871046229,822
128,"rice",2000,41059.2700857483,-654.878444047601,"History",7.4662037037037,432
128,"rice",2000,41059.2700857483,-654.878444047601,"Horror",5.9034965034965,715
128,"rice",2000,41059.2700857483,-654.878444047601,"Music",6.96813186813187,546
128,"rice",2000,41059.2700857483,-654.878444047601,"Musical",6.02272727272727,132
128,"rice",2000,41059.2700857483,-654.878444047601,"Mystery",7.21426966292135,890
128,"rice",2000,41059.2700857483,-654.878444047601,"Other",6.18958333333333,432
128,"rice",2000,41059.2700857483,-654.878444047601,"Romance",6.93972081218274,1576
128,"rice",2000,41059.2700857483,-654.878444047601,"Sci-Fi",6.64704684317719,491
128,"rice",2000,41059.2700857483,-654.878444047601,"Short",6.67538779731127,1934
128,"rice",2000,41059.2700857483,-654.878444047601,"Sport",6.38038461538462,520
128,"rice",2000,41059.2700857483,-654.878444047601,"Talk-Show",6.24811715481172,239
128,"rice",2000,41059.2700857483,-654.878444047601,"Thriller",5.78828125,640
128,"rice",2000,41059.2700857483,-654.878444047601,"War",7.18639053254438,169
129,"rice",2001,42472.5459886007,1413.2759028524,"Action",6.98802021403092,3364
129,"rice",2001,42472.5459886007,1413.2759028524,"Adult",6.56009316770186,644
129,"rice",2001,42472.5459886007,1413.2759028524,"Adventure",7.13062352012628,2534
129,"rice",2001,42472.5459886007,1413.2759028524,"Animation",7.20610526315789,2850
129,"rice",2001,42472.5459886007,1413.2759028524,"Biography",6.96637554585153,458
129,"rice",2001,42472.5459886007,1413.2759028524,"Comedy",7.03318604296815,6563
129,"rice",2001,42472.5459886007,1413.2759028524,"Crime",6.89991063449509,2238
129,"rice",2001,42472.5459886007,1413.2759028524,"Documentary",7.21319926873857,2735
129,"rice",2001,42472.5459886007,1413.2759028524,"Drama",7.13027758007117,7025
129,"rice",2001,42472.5459886007,1413.2759028524,"Family",7.21192758253461,1878
129,"rice",2001,42472.5459886007,1413.2759028524,"Fantasy",6.82438524590164,976
129,"rice",2001,42472.5459886007,1413.2759028524,"History",7.49837962962963,432
129,"rice",2001,42472.5459886007,1413.2759028524,"Horror",5.89121212121212,660
129,"rice",2001,42472.5459886007,1413.2759028524,"Music",7.11565096952909,722
129,"rice",2001,42472.5459886007,1413.2759028524,"Musical",6.1521472392638,163
129,"rice",2001,42472.5459886007,1413.2759028524,"Mystery",7.23746065057713,953
129,"rice",2001,42472.5459886007,1413.2759028524,"Other",6.7539393939394,495
129,"rice",2001,42472.5459886007,1413.2759028524,"Romance",6.96110244409776,1923
129,"rice",2001,42472.5459886007,1413.2759028524,"Sci-Fi",6.7723259762309,589
129,"rice",2001,42472.5459886007,1413.2759028524,"Short",6.69995433789954,2190
129,"rice",2001,42472.5459886007,1413.2759028524,"Sport",6.86745182012848,467
129,"rice",2001,42472.5459886007,1413.2759028524,"Talk-Show",6.37166666666667,300
129,"rice",2001,42472.5459886007,1413.2759028524,"Thriller",5.76003236245955,618
129,"rice",2001,42472.5459886007,1413.2759028524,"War",7.19943181818182,176
130,"rice",2002,42622.1557807736,149.609792172902,"Action",6.9790811904074,3461
130,"rice",2002,42622.1557807736,149.609792172902,"Adult",6.65557299843014,637
130,"rice",2002,42622.1557807736,149.609792172902,"Adventure",7.19633982538616,2978
130,"rice",2002,42622.1557807736,149.609792172902,"Animation",7.20312215822977,3299
130,"rice",2002,42622.1557807736,149.609792172902,"Biography",6.92048780487805,410
130,"rice",2002,42622.1557807736,149.609792172902,"Comedy",6.97758369723435,6870
130,"rice",2002,42622.1557807736,149.609792172902,"Crime",7.07546125461255,2168
130,"rice",2002,42622.1557807736,149.609792172902,"Documentary",7.14270592127026,3023
130,"rice",2002,42622.1557807736,149.609792172902,"Drama",7.09963734049698,7445
130,"rice",2002,42622.1557807736,149.609792172902,"Family",7.02642369020501,1756
130,"rice",2002,42622.1557807736,149.609792172902,"Fantasy",6.7214709371293,843
130,"rice",2002,42622.1557807736,149.609792172902,"History",7.29926650366748,409
130,"rice",2002,42622.1557807736,149.609792172902,"Horror",5.71154401154401,693
130,"rice",2002,42622.1557807736,149.609792172902,"Music",6.94195624195624,777
130,"rice",2002,42622.1557807736,149.609792172902,"Musical",6.832,150
130,"rice",2002,42622.1557807736,149.609792172902,"Mystery",7.20052465897167,953
130,"rice",2002,42622.1557807736,149.609792172902,"Other",6.28085808580858,606
130,"rice",2002,42622.1557807736,149.609792172902,"Romance",6.80668069437138,1901
130,"rice",2002,42622.1557807736,149.609792172902,"Sci-Fi",6.7819734345351,527
130,"rice",2002,42622.1557807736,149.609792172902,"Short",6.72030692362598,2802
130,"rice",2002,42622.1557807736,149.609792172902,"Sport",6.72833333333333,540
130,"rice",2002,42622.1557807736,149.609792172902,"Talk-Show",6.08660130718954,306
130,"rice",2002,42622.1557807736,149.609792172902,"Thriller",6.13081481481481,675
130,"rice",2002,42622.1557807736,149.609792172902,"War",6.98857142857143,175
131,"rice",2003,41965.4593005851,-656.696480188504,"Action",7.09384696292401,3803
131,"rice",2003,41965.4593005851,-656.696480188504,"Adult",6.55618631732169,687
131,"rice",2003,41965.4593005851,-656.696480188504,"Adventure",7.27391304347826,3220
131,"rice",2003,41965.4593005851,-656.696480188504,"Animation",7.24193905817175,3610
131,"rice",2003,41965.4593005851,-656.696480188504,"Biography",7.00566502463054,406
131,"rice",2003,41965.4593005851,-656.696480188504,"Comedy",6.92692678891493,7253
131,"rice",2003,41965.4593005851,-656.696480188504,"Crime",7.11276505513147,2358
131,"rice",2003,41965.4593005851,-656.696480188504,"Documentary",7.08775510204082,3626
131,"rice",2003,41965.4593005851,-656.696480188504,"Drama",7.12569803516029,7736
131,"rice",2003,41965.4593005851,-656.696480188504,"Family",7.0452296819788,1698
131,"rice",2003,41965.4593005851,-656.696480188504,"Fantasy",6.85158371040724,884
131,"rice",2003,41965.4593005851,-656.696480188504,"History",7.48904847396768,557
131,"rice",2003,41965.4593005851,-656.696480188504,"Horror",5.7609819121447,774
131,"rice",2003,41965.4593005851,-656.696480188504,"Music",6.67396386822529,941
131,"rice",2003,41965.4593005851,-656.696480188504,"Musical",6.38674698795181,166
131,"rice",2003,41965.4593005851,-656.696480188504,"Mystery",7.24451038575668,1011
131,"rice",2003,41965.4593005851,-656.696480188504,"Other",6.05847568988174,761
131,"rice",2003,41965.4593005851,-656.696480188504,"Romance",6.83411826268969,1911
131,"rice",2003,41965.4593005851,-656.696480188504,"Sci-Fi",6.51274509803922,510
131,"rice",2003,41965.4593005851,-656.696480188504,"Short",6.75318694724001,3279
131,"rice",2003,41965.4593005851,-656.696480188504,"Sport",6.99736842105263,456
131,"rice",2003,41965.4593005851,-656.696480188504,"Talk-Show",6.11777251184834,422
131,"rice",2003,41965.4593005851,-656.696480188504,"Thriller",6.0474043715847,732
131,"rice",2003,41965.4593005851,-656.696480188504,"War",7.04522292993631,157
132,"rice",2004,42128.3421260249,162.882825439803,"Action",7.12860163891092,3783
132,"rice",2004,42128.3421260249,162.882825439803,"Adult",6.66710875331565,754
132,"rice",2004,42128.3421260249,162.882825439803,"Adventure",7.27427854454203,3188
132,"rice",2004,42128.3421260249,162.882825439803,"Animation",7.2377239199157,3796
132,"rice",2004,42128.3421260249,162.882825439803,"Biography",7.13758099352052,463
132,"rice",2004,42128.3421260249,162.882825439803,"Comedy",6.92940685045948,8379
132,"rice",2004,42128.3421260249,162.882825439803,"Crime",7.30657948508378,2447
132,"rice",2004,42128.3421260249,162.882825439803,"Documentary",7.14302562939442,4409
132,"rice",2004,42128.3421260249,162.882825439803,"Drama",7.10425055928412,8046
132,"rice",2004,42128.3421260249,162.882825439803,"Family",7.14618696186962,1626
132,"rice",2004,42128.3421260249,162.882825439803,"Fantasy",7.02067156348374,953
132,"rice",2004,42128.3421260249,162.882825439803,"History",7.66351931330472,699
132,"rice",2004,42128.3421260249,162.882825439803,"Horror",5.84227129337539,951
132,"rice",2004,42128.3421260249,162.882825439803,"Music",6.7269621421976,1083
132,"rice",2004,42128.3421260249,162.882825439803,"Musical",6.73818181818182,165
132,"rice",2004,42128.3421260249,162.882825439803,"Mystery",7.2269477543538,1091
132,"rice",2004,42128.3421260249,162.882825439803,"Other",5.95509783728115,971
132,"rice",2004,42128.3421260249,162.882825439803,"Romance",6.80166585007349,2041
132,"rice",2004,42128.3421260249,162.882825439803,"Sci-Fi",6.553911205074,473
132,"rice",2004,42128.3421260249,162.882825439803,"Short",6.88909512761021,4310
132,"rice",2004,42128.3421260249,162.882825439803,"Sport",6.98292253521127,568
132,"rice",2004,42128.3421260249,162.882825439803,"Talk-Show",6.33369713506139,733
132,"rice",2004,42128.3421260249,162.882825439803,"Thriller",6.21326530612245,784
132,"rice",2004,42128.3421260249,162.882825439803,"War",7.26171875,256
133,"rice",2005,43123.80651253,995.464386505097,"Action",7.11574884199691,3886
133,"rice",2005,43123.80651253,995.464386505097,"Adult",6.82782051282051,780
133,"rice",2005,43123.80651253,995.464386505097,"Adventure",7.39850662158354,3549
133,"rice",2005,43123.80651253,995.464386505097,"Animation",7.37412155745489,4212
133,"rice",2005,43123.80651253,995.464386505097,"Biography",7.05631691648822,467
133,"rice",2005,43123.80651253,995.464386505097,"Comedy",7.00267884635123,9743
133,"rice",2005,43123.80651253,995.464386505097,"Crime",7.31173657100809,2718
133,"rice",2005,43123.80651253,995.464386505097,"Documentary",7.21298921091601,4727
133,"rice",2005,43123.80651253,995.464386505097,"Drama",7.12572955199342,9732
133,"rice",2005,43123.80651253,995.464386505097,"Family",7.22235477178423,1928
133,"rice",2005,43123.80651253,995.464386505097,"Fantasy",7.08908145580589,1154
133,"rice",2005,43123.80651253,995.464386505097,"History",7.32447844228095,719
133,"rice",2005,43123.80651253,995.464386505097,"Horror",5.76285979572888,1077
133,"rice",2005,43123.80651253,995.464386505097,"Music",6.74270664505673,1234
133,"rice",2005,43123.80651253,995.464386505097,"Musical",6.90432432432432,185
133,"rice",2005,43123.80651253,995.464386505097,"Mystery",7.29337431693989,1464
133,"rice",2005,43123.80651253,995.464386505097,"Other",6.17995028997515,1207
133,"rice",2005,43123.80651253,995.464386505097,"Romance",6.81268251981644,2397
133,"rice",2005,43123.80651253,995.464386505097,"Sci-Fi",6.66435452793834,519
133,"rice",2005,43123.80651253,995.464386505097,"Short",6.91885125184094,4753
133,"rice",2005,43123.80651253,995.464386505097,"Sport",7.00310650887574,676
133,"rice",2005,43123.80651253,995.464386505097,"Talk-Show",6.08798235942668,907
133,"rice",2005,43123.80651253,995.464386505097,"Thriller",6.37704918032787,915
133,"rice",2005,43123.80651253,995.464386505097,"War",7.09683257918552,221
134,"rice",2006,44555.1311251661,1431.3246126361,"Action",7.05544106559437,3979
134,"rice",2006,44555.1311251661,1431.3246126361,"Adult",6.78277777777778,720
134,"rice",2006,44555.1311251661,1431.3246126361,"Adventure",7.23182849936948,3965
134,"rice",2006,44555.1311251661,1431.3246126361,"Animation",7.28730745532964,4869
134,"rice",2006,44555.1311251661,1431.3246126361,"Biography",7.17781954887218,532
134,"rice",2006,44555.1311251661,1431.3246126361,"Comedy",6.98604651162791,10621
134,"rice",2006,44555.1311251661,1431.3246126361,"Crime",7.1513475177305,2820
134,"rice",2006,44555.1311251661,1431.3246126361,"Documentary",7.22308151093439,5030
134,"rice",2006,44555.1311251661,1431.3246126361,"Drama",7.06434034416826,10460
134,"rice",2006,44555.1311251661,1431.3246126361,"Family",6.94385964912281,2223
134,"rice",2006,44555.1311251661,1431.3246126361,"Fantasy",7.03365455893254,1349
134,"rice",2006,44555.1311251661,1431.3246126361,"History",7.28696808510638,752
134,"rice",2006,44555.1311251661,1431.3246126361,"Horror",5.70702028081123,1282
134,"rice",2006,44555.1311251661,1431.3246126361,"Music",6.79144385026738,1309
134,"rice",2006,44555.1311251661,1431.3246126361,"Musical",6.6565445026178,191
134,"rice",2006,44555.1311251661,1431.3246126361,"Mystery",7.24753127057275,1519
134,"rice",2006,44555.1311251661,1431.3246126361,"Other",6.36289818863211,1601
134,"rice",2006,44555.1311251661,1431.3246126361,"Romance",6.82303664921466,2483
134,"rice",2006,44555.1311251661,1431.3246126361,"Sci-Fi",6.70448833034111,557
134,"rice",2006,44555.1311251661,1431.3246126361,"Short",6.95232722143865,4963
134,"rice",2006,44555.1311251661,1431.3246126361,"Sport",7.01750841750842,891
134,"rice",2006,44555.1311251661,1431.3246126361,"Talk-Show",6.40616113744076,1055
134,"rice",2006,44555.1311251661,1431.3246126361,"Thriller",6.15630797773655,1078
134,"rice",2006,44555.1311251661,1431.3246126361,"War",7.14809160305343,262
135,"rice",2007,44425.3262299467,-129.8048952194,"Action",7.10266415500538,3716
135,"rice",2007,44425.3262299467,-129.8048952194,"Adult",6.81313320825516,533
135,"rice",2007,44425.3262299467,-129.8048952194,"Adventure",7.26424932574168,3337
135,"rice",2007,44425.3262299467,-129.8048952194,"Animation",7.31449676823638,4332
135,"rice",2007,44425.3262299467,-129.8048952194,"Biography",7.15825688073395,436
135,"rice",2007,44425.3262299467,-129.8048952194,"Comedy",7.00110366168128,9695
135,"rice",2007,44425.3262299467,-129.8048952194,"Crime",7.13834738617201,2965
135,"rice",2007,44425.3262299467,-129.8048952194,"Documentary",7.26605005440696,4595
135,"rice",2007,44425.3262299467,-129.8048952194,"Drama",7.00258317418836,9949
135,"rice",2007,44425.3262299467,-129.8048952194,"Family",7.06946406314915,2407
135,"rice",2007,44425.3262299467,-129.8048952194,"Fantasy",7.00220848056537,1132
135,"rice",2007,44425.3262299467,-129.8048952194,"History",7.39336016096579,994
135,"rice",2007,44425.3262299467,-129.8048952194,"Horror",5.73173605655931,1273
135,"rice",2007,44425.3262299467,-129.8048952194,"Music",6.887265917603,1068
135,"rice",2007,44425.3262299467,-129.8048952194,"Musical",6.83204419889503,181
135,"rice",2007,44425.3262299467,-129.8048952194,"Mystery",7.20828571428571,1400
135,"rice",2007,44425.3262299467,-129.8048952194,"Other",6.3496577946768,1315
135,"rice",2007,44425.3262299467,-129.8048952194,"Romance",6.80506726457399,2230
135,"rice",2007,44425.3262299467,-129.8048952194,"Sci-Fi",6.58195718654434,654
135,"rice",2007,44425.3262299467,-129.8048952194,"Short",6.93509252912954,4377
135,"rice",2007,44425.3262299467,-129.8048952194,"Sport",7.16264534883721,688
135,"rice",2007,44425.3262299467,-129.8048952194,"Talk-Show",6.61225490196078,816
135,"rice",2007,44425.3262299467,-129.8048952194,"Thriller",6.08840284842319,983
135,"rice",2007,44425.3262299467,-129.8048952194,"War",7.27389937106918,318
136,"rice",2008,46289.6470596865,1864.32082973979,"Action",7.059766615931,3942
136,"rice",2008,46289.6470596865,1864.32082973979,"Adult",6.79208074534161,644
136,"rice",2008,46289.6470596865,1864.32082973979,"Adventure",7.25361077111383,3268
136,"rice",2008,46289.6470596865,1864.32082973979,"Animation",7.2814348785872,4530
136,"rice",2008,46289.6470596865,1864.32082973979,"Biography",7.22503888024883,643
136,"rice",2008,46289.6470596865,1864.32082973979,"Comedy",6.96778673400019,10297
136,"rice",2008,46289.6470596865,1864.32082973979,"Crime",7.11785334750266,2823
136,"rice",2008,46289.6470596865,1864.32082973979,"Documentary",7.28353524229075,5448
136,"rice",2008,46289.6470596865,1864.32082973979,"Drama",7.02104483141904,10796
136,"rice",2008,46289.6470596865,1864.32082973979,"Family",6.96434443963652,2311
136,"rice",2008,46289.6470596865,1864.32082973979,"Fantasy",7.04183123877917,1114
136,"rice",2008,46289.6470596865,1864.32082973979,"History",7.43201834862385,1090
136,"rice",2008,46289.6470596865,1864.32082973979,"Horror",5.78365730741541,1389
136,"rice",2008,46289.6470596865,1864.32082973979,"Music",7.05690235690236,1188
136,"rice",2008,46289.6470596865,1864.32082973979,"Musical",6.70169491525424,236
136,"rice",2008,46289.6470596865,1864.32082973979,"Mystery",7.22365512159175,1357
136,"rice",2008,46289.6470596865,1864.32082973979,"Other",6.27857142857143,1526
136,"rice",2008,46289.6470596865,1864.32082973979,"Romance",6.73053790766624,2361
136,"rice",2008,46289.6470596865,1864.32082973979,"Sci-Fi",6.45805142083897,739
136,"rice",2008,46289.6470596865,1864.32082973979,"Short",6.94154706430569,5365
136,"rice",2008,46289.6470596865,1864.32082973979,"Sport",7.16213183730715,713
136,"rice",2008,46289.6470596865,1864.32082973979,"Talk-Show",6.29561403508772,912
136,"rice",2008,46289.6470596865,1864.32082973979,"Thriller",6.30162308385933,1109
136,"rice",2008,46289.6470596865,1864.32082973979,"War",7.30498442367601,321
137,"rice",2009,46519.3340498973,229.686990210801,"Action",7.08876946698837,4559
137,"rice",2009,46519.3340498973,229.686990210801,"Adult",6.59090909090909,561
137,"rice",2009,46519.3340498973,229.686990210801,"Adventure",7.29895965490992,3941
137,"rice",2009,46519.3340498973,229.686990210801,"Animation",7.2940310880829,4825
137,"rice",2009,46519.3340498973,229.686990210801,"Biography",7.31806615776081,786
137,"rice",2009,46519.3340498973,229.686990210801,"Comedy",7.02328042328042,12285
137,"rice",2009,46519.3340498973,229.686990210801,"Crime",7.19427580225499,3459
137,"rice",2009,46519.3340498973,229.686990210801,"Documentary",7.35274945679425,5983
137,"rice",2009,46519.3340498973,229.686990210801,"Drama",7.04568675076393,12763
137,"rice",2009,46519.3340498973,229.686990210801,"Family",7.14460486322188,2632
137,"rice",2009,46519.3340498973,229.686990210801,"Fantasy",6.98973977695167,1345
137,"rice",2009,46519.3340498973,229.686990210801,"History",7.40178837555887,1342
137,"rice",2009,46519.3340498973,229.686990210801,"Horror",5.95708430913349,1708
137,"rice",2009,46519.3340498973,229.686990210801,"Music",7.11989978525412,1397
137,"rice",2009,46519.3340498973,229.686990210801,"Musical",7.05880149812734,267
137,"rice",2009,46519.3340498973,229.686990210801,"Mystery",7.15597519729425,1774
137,"rice",2009,46519.3340498973,229.686990210801,"Other",6.85713425647201,1661
137,"rice",2009,46519.3340498973,229.686990210801,"Romance",6.8028980052691,2657
137,"rice",2009,46519.3340498973,229.686990210801,"Sci-Fi",6.66545988258317,1022
137,"rice",2009,46519.3340498973,229.686990210801,"Short",6.98163995908626,5866
137,"rice",2009,46519.3340498973,229.686990210801,"Sport",7.27747875354108,706
137,"rice",2009,46519.3340498973,229.686990210801,"Talk-Show",7.10334101382488,868
137,"rice",2009,46519.3340498973,229.686990210801,"Thriller",6.27571860816944,1322
137,"rice",2009,46519.3340498973,229.686990210801,"War",7.25963541666667,384
138,"rice",2010,47799.7446855977,1280.41063570041,"Action",7.1550070238812,4983
138,"rice",2010,47799.7446855977,1280.41063570041,"Adult",6.59077181208054,596
138,"rice",2010,47799.7446855977,1280.41063570041,"Adventure",7.32830235439901,4035
138,"rice",2010,47799.7446855977,1280.41063570041,"Animation",7.26604150039904,5012
138,"rice",2010,47799.7446855977,1280.41063570041,"Biography",7.23323671497585,1035
138,"rice",2010,47799.7446855977,1280.41063570041,"Comedy",7.04728569237847,13042
138,"rice",2010,47799.7446855977,1280.41063570041,"Crime",7.27063841496973,3634
138,"rice",2010,47799.7446855977,1280.41063570041,"Documentary",7.37231673368388,6466
138,"rice",2010,47799.7446855977,1280.41063570041,"Drama",7.09424686192469,13384
138,"rice",2010,47799.7446855977,1280.41063570041,"Family",7.23244301994302,2808
138,"rice",2010,47799.7446855977,1280.41063570041,"Fantasy",7.15646050214329,1633
138,"rice",2010,47799.7446855977,1280.41063570041,"History",7.3461752433936,1438
138,"rice",2010,47799.7446855977,1280.41063570041,"Horror",6.2010411502231,2017
138,"rice",2010,47799.7446855977,1280.41063570041,"Music",7.1245492371706,1442
138,"rice",2010,47799.7446855977,1280.41063570041,"Musical",6.88604651162791,258
138,"rice",2010,47799.7446855977,1280.41063570041,"Mystery",7.26526757607555,1906
138,"rice",2010,47799.7446855977,1280.41063570041,"Other",6.91695938529089,1822
138,"rice",2010,47799.7446855977,1280.41063570041,"Romance",6.86421261142291,3029
138,"rice",2010,47799.7446855977,1280.41063570041,"Sci-Fi",6.71268656716418,1072
138,"rice",2010,47799.7446855977,1280.41063570041,"Short",6.98585537328423,5974
138,"rice",2010,47799.7446855977,1280.41063570041,"Sport",7.19819915254237,944
138,"rice",2010,47799.7446855977,1280.41063570041,"Talk-Show",6.90959367945824,886
138,"rice",2010,47799.7446855977,1280.41063570041,"Thriller",6.39380764163373,1518
138,"rice",2010,47799.7446855977,1280.41063570041,"War",7.18229813664596,322
139,"rice",2011,42217.5623705834,-5582.1823150143,"Action",7.1593557472276,5681
139,"rice",2011,42217.5623705834,-5582.1823150143,"Adult",6.33112701252236,559
139,"rice",2011,42217.5623705834,-5582.1823150143,"Adventure",7.40324647586502,4682
139,"rice",2011,42217.5623705834,-5582.1823150143,"Animation",7.30114739629303,5665
139,"rice",2011,42217.5623705834,-5582.1823150143,"Biography",7.26935779816514,1090
139,"rice",2011,42217.5623705834,-5582.1823150143,"Comedy",7.12485145282403,15315
139,"rice",2011,42217.5623705834,-5582.1823150143,"Crime",7.2869864640228,4211
139,"rice",2011,42217.5623705834,-5582.1823150143,"Documentary",7.40298744407562,6929
139,"rice",2011,42217.5623705834,-5582.1823150143,"Drama",7.13637967297646,14739
139,"rice",2011,42217.5623705834,-5582.1823150143,"Family",7.27438131753224,2869
139,"rice",2011,42217.5623705834,-5582.1823150143,"Fantasy",7.08159871244635,1864
139,"rice",2011,42217.5623705834,-5582.1823150143,"History",7.25799863852961,1469
139,"rice",2011,42217.5623705834,-5582.1823150143,"Horror",6.26214482126489,2182
139,"rice",2011,42217.5623705834,-5582.1823150143,"Music",7.16367628607277,1594
139,"rice",2011,42217.5623705834,-5582.1823150143,"Musical",7.09198606271777,287
139,"rice",2011,42217.5623705834,-5582.1823150143,"Mystery",7.22013218098627,1967
139,"rice",2011,42217.5623705834,-5582.1823150143,"Other",7.08853556485355,2390
139,"rice",2011,42217.5623705834,-5582.1823150143,"Romance",6.95276785714286,3360
139,"rice",2011,42217.5623705834,-5582.1823150143,"Sci-Fi",6.90042301184433,1182
139,"rice",2011,42217.5623705834,-5582.1823150143,"Short",7.03160637189221,6717
139,"rice",2011,42217.5623705834,-5582.1823150143,"Sport",7.16452004860267,823
139,"rice",2011,42217.5623705834,-5582.1823150143,"Talk-Show",7.13511859219587,1307
139,"rice",2011,42217.5623705834,-5582.1823150143,"Thriller",6.450207223209,1689
139,"rice",2011,42217.5623705834,-5582.1823150143,"War",6.91093247588424,311
140,"rice",2012,42800.549671486,582.987300902598,"Action",7.21018533978961,5989
140,"rice",2012,42800.549671486,582.987300902598,"Adult",6.21360424028269,566
140,"rice",2012,42800.549671486,582.987300902598,"Adventure",7.37523886968896,4919
140,"rice",2012,42800.549671486,582.987300902598,"Animation",7.32172478793591,6366
140,"rice",2012,42800.549671486,582.987300902598,"Biography",7.41923076923077,1326
140,"rice",2012,42800.549671486,582.987300902598,"Comedy",7.17412162162162,16280
140,"rice",2012,42800.549671486,582.987300902598,"Crime",7.35005478851633,4563
140,"rice",2012,42800.549671486,582.987300902598,"Documentary",7.41403785488959,7608
140,"rice",2012,42800.549671486,582.987300902598,"Drama",7.22948065485315,16309
140,"rice",2012,42800.549671486,582.987300902598,"Family",7.12892561983471,3267
140,"rice",2012,42800.549671486,582.987300902598,"Fantasy",7.19058441558442,2156
140,"rice",2012,42800.549671486,582.987300902598,"History",7.33244296048971,1797
140,"rice",2012,42800.549671486,582.987300902598,"Horror",6.28028052805281,2424
140,"rice",2012,42800.549671486,582.987300902598,"Music",7.13871527777778,1728
140,"rice",2012,42800.549671486,582.987300902598,"Musical",7.13556338028169,284
140,"rice",2012,42800.549671486,582.987300902598,"Mystery",7.23717703349282,2090
140,"rice",2012,42800.549671486,582.987300902598,"Other",6.96544276457883,2315
140,"rice",2012,42800.549671486,582.987300902598,"Romance",7.16850767085077,3585
140,"rice",2012,42800.549671486,582.987300902598,"Sci-Fi",6.79702380952381,1344
140,"rice",2012,42800.549671486,582.987300902598,"Short",7.0574649859944,7140
140,"rice",2012,42800.549671486,582.987300902598,"Sport",7.19867841409692,908
140,"rice",2012,42800.549671486,582.987300902598,"Talk-Show",7.09758378799688,1283
140,"rice",2012,42800.549671486,582.987300902598,"Thriller",6.73513243378311,2001
140,"rice",2012,42800.549671486,582.987300902598,"War",6.92777777777778,288
141,"rice",2013,41604.0157444105,-1196.5339270755,"Action",7.14479652065859,6438
141,"rice",2013,41604.0157444105,-1196.5339270755,"Adult",6.20480620155039,645
141,"rice",2013,41604.0157444105,-1196.5339270755,"Adventure",7.28737214059885,5377
141,"rice",2013,41604.0157444105,-1196.5339270755,"Animation",7.32323093382241,6543
141,"rice",2013,41604.0157444105,-1196.5339270755,"Biography",7.30433884297521,1452
141,"rice",2013,41604.0157444105,-1196.5339270755,"Comedy",7.11669437188316,16844
141,"rice",2013,41604.0157444105,-1196.5339270755,"Crime",7.33065507737969,4717
141,"rice",2013,41604.0157444105,-1196.5339270755,"Documentary",7.35499486389317,7788
141,"rice",2013,41604.0157444105,-1196.5339270755,"Drama",7.12301799838077,16057
141,"rice",2013,41604.0157444105,-1196.5339270755,"Family",7.27478210342824,3442
141,"rice",2013,41604.0157444105,-1196.5339270755,"Fantasy",7.12514677103718,2044
141,"rice",2013,41604.0157444105,-1196.5339270755,"History",7.35289817232376,1915
141,"rice",2013,41604.0157444105,-1196.5339270755,"Horror",6.20542168674699,2490
141,"rice",2013,41604.0157444105,-1196.5339270755,"Music",7.12484700122399,1634
141,"rice",2013,41604.0157444105,-1196.5339270755,"Musical",7.30505319148936,376
141,"rice",2013,41604.0157444105,-1196.5339270755,"Mystery",7.17065737919025,2297
141,"rice",2013,41604.0157444105,-1196.5339270755,"Other",7.01438906752412,2488
141,"rice",2013,41604.0157444105,-1196.5339270755,"Romance",7.03161222339305,3796
141,"rice",2013,41604.0157444105,-1196.5339270755,"Sci-Fi",6.885554866708,1613
141,"rice",2013,41604.0157444105,-1196.5339270755,"Short",6.96948283231229,7019
141,"rice",2013,41604.0157444105,-1196.5339270755,"Sport",7.32572145545797,797
141,"rice",2013,41604.0157444105,-1196.5339270755,"Talk-Show",7.06296296296296,1377
141,"rice",2013,41604.0157444105,-1196.5339270755,"Thriller",6.43405762871989,2117
141,"rice",2013,41604.0157444105,-1196.5339270755,"War",7.05893854748603,358
142,"rice",2014,44602.8601799458,2998.8444355353,"Action",7.24194488992565,6859
142,"rice",2014,44602.8601799458,2998.8444355353,"Adult",6.13157076205288,643
142,"rice",2014,44602.8601799458,2998.8444355353,"Adventure",7.34681728527882,5577
142,"rice",2014,44602.8601799458,2998.8444355353,"Animation",7.2854564132668,6814
142,"rice",2014,44602.8601799458,2998.8444355353,"Biography",7.29029850746269,1608
142,"rice",2014,44602.8601799458,2998.8444355353,"Comedy",7.15222017939718,17949
142,"rice",2014,44602.8601799458,2998.8444355353,"Crime",7.36831924882629,5325
142,"rice",2014,44602.8601799458,2998.8444355353,"Documentary",7.38915503129514,8308
142,"rice",2014,44602.8601799458,2998.8444355353,"Drama",7.20394838556223,16817
142,"rice",2014,44602.8601799458,2998.8444355353,"Family",7.14020085209982,3286
142,"rice",2014,44602.8601799458,2998.8444355353,"Fantasy",7.16822388717497,2269
142,"rice",2014,44602.8601799458,2998.8444355353,"History",7.52755102040816,2254
142,"rice",2014,44602.8601799458,2998.8444355353,"Horror",6.17492354740061,2616
142,"rice",2014,44602.8601799458,2998.8444355353,"Music",7.20129259694477,1702
142,"rice",2014,44602.8601799458,2998.8444355353,"Musical",7.08025078369906,319
142,"rice",2014,44602.8601799458,2998.8444355353,"Mystery",7.19429037520392,2452
142,"rice",2014,44602.8601799458,2998.8444355353,"Other",7.12524822695035,2820
142,"rice",2014,44602.8601799458,2998.8444355353,"Romance",7.11639458955224,4288
142,"rice",2014,44602.8601799458,2998.8444355353,"Sci-Fi",6.95948372615039,1782
142,"rice",2014,44602.8601799458,2998.8444355353,"Short",7.05667289182589,6961
142,"rice",2014,44602.8601799458,2998.8444355353,"Sport",7.24090909090909,946
142,"rice",2014,44602.8601799458,2998.8444355353,"Talk-Show",6.97519337016575,1810
142,"rice",2014,44602.8601799458,2998.8444355353,"Thriller",6.45830748781568,2257
142,"rice",2014,44602.8601799458,2998.8444355353,"War",7.6472049689441,644
143,"rice",2015,39819.4069062546,-4783.4532736912,"Action",7.13364589078875,7252
143,"rice",2015,39819.4069062546,-4783.4532736912,"Adult",6.31841620626151,543
143,"rice",2015,39819.4069062546,-4783.4532736912,"Adventure",7.24597775270031,6203
143,"rice",2015,39819.4069062546,-4783.4532736912,"Animation",7.34520665901263,6968
143,"rice",2015,39819.4069062546,-4783.4532736912,"Biography",7.25283687943262,1692
143,"rice",2015,39819.4069062546,-4783.4532736912,"Comedy",7.10937313432836,18425
143,"rice",2015,39819.4069062546,-4783.4532736912,"Crime",7.36181246726035,5727
143,"rice",2015,39819.4069062546,-4783.4532736912,"Documentary",7.27831069108092,8465
143,"rice",2015,39819.4069062546,-4783.4532736912,"Drama",7.18420184321311,17578
143,"rice",2015,39819.4069062546,-4783.4532736912,"Family",7.16811286407767,3296
143,"rice",2015,39819.4069062546,-4783.4532736912,"Fantasy",7.26320754716981,2544
143,"rice",2015,39819.4069062546,-4783.4532736912,"History",7.37447432762836,2045
143,"rice",2015,39819.4069062546,-4783.4532736912,"Horror",6.17671794871795,2925
143,"rice",2015,39819.4069062546,-4783.4532736912,"Music",7.10292807129217,1571
143,"rice",2015,39819.4069062546,-4783.4532736912,"Musical",7.01289398280802,349
143,"rice",2015,39819.4069062546,-4783.4532736912,"Mystery",7.15569230769231,2600
143,"rice",2015,39819.4069062546,-4783.4532736912,"Other",7.03975862068965,2900
143,"rice",2015,39819.4069062546,-4783.4532736912,"Romance",7.10870503597122,4170
143,"rice",2015,39819.4069062546,-4783.4532736912,"Sci-Fi",6.85981912144703,1548
143,"rice",2015,39819.4069062546,-4783.4532736912,"Short",7.03921810699589,7290
143,"rice",2015,39819.4069062546,-4783.4532736912,"Sport",7.29567567567568,925
143,"rice",2015,39819.4069062546,-4783.4532736912,"Talk-Show",6.87754090233019,2017
143,"rice",2015,39819.4069062546,-4783.4532736912,"Thriller",6.50216503267974,2448
143,"rice",2015,39819.4069062546,-4783.4532736912,"War",7.31216545012165,411
144,"rice",2016,44158.2454109415,4338.8385046869,"Action",7.21536398981097,7459
144,"rice",2016,44158.2454109415,4338.8385046869,"Adult",6.73098039215686,510
144,"rice",2016,44158.2454109415,4338.8385046869,"Adventure",7.34394400486914,6572
144,"rice",2016,44158.2454109415,4338.8385046869,"Animation",7.32618337440021,7711
144,"rice",2016,44158.2454109415,4338.8385046869,"Biography",7.3350443599493,1578
144,"rice",2016,44158.2454109415,4338.8385046869,"Comedy",7.14320900060815,19732
144,"rice",2016,44158.2454109415,4338.8385046869,"Crime",7.3630594629156,6256
144,"rice",2016,44158.2454109415,4338.8385046869,"Documentary",7.33872743284897,9084
144,"rice",2016,44158.2454109415,4338.8385046869,"Drama",7.24628003575372,19019
144,"rice",2016,44158.2454109415,4338.8385046869,"Family",7.19309242085066,3127
144,"rice",2016,44158.2454109415,4338.8385046869,"Fantasy",7.26647123488457,2729
144,"rice",2016,44158.2454109415,4338.8385046869,"History",7.49922161172161,2184
144,"rice",2016,44158.2454109415,4338.8385046869,"Horror",6.12345337026777,3249
144,"rice",2016,44158.2454109415,4338.8385046869,"Music",7.22904516866781,1749
144,"rice",2016,44158.2454109415,4338.8385046869,"Musical",7.17602739726027,438
144,"rice",2016,44158.2454109415,4338.8385046869,"Mystery",7.13700374531835,2670
144,"rice",2016,44158.2454109415,4338.8385046869,"Other",7.06020976728941,3051
144,"rice",2016,44158.2454109415,4338.8385046869,"Romance",7.18654359430605,4496
144,"rice",2016,44158.2454109415,4338.8385046869,"Sci-Fi",6.8805023923445,1672
144,"rice",2016,44158.2454109415,4338.8385046869,"Short",7.11547174358356,8299
144,"rice",2016,44158.2454109415,4338.8385046869,"Sport",7.19232673267327,1212
144,"rice",2016,44158.2454109415,4338.8385046869,"Talk-Show",6.81327294210319,2539
144,"rice",2016,44158.2454109415,4338.8385046869,"Thriller",6.40405819295559,2612
144,"rice",2016,44158.2454109415,4338.8385046869,"War",7.46635294117647,425
219,"soybean",1983,10133.0851886831,84.8562457934004,"Action",6.72319391634981,1315
219,"soybean",1983,10133.0851886831,84.8562457934004,"Adult",5.69228295819936,311
219,"soybean",1983,10133.0851886831,84.8562457934004,"Adventure",6.84428672817601,1409
219,"soybean",1983,10133.0851886831,84.8562457934004,"Animation",6.9119512195122,1230
219,"soybean",1983,10133.0851886831,84.8562457934004,"Biography",7.19507042253521,142
219,"soybean",1983,10133.0851886831,84.8562457934004,"Comedy",6.8160472972973,2368
219,"soybean",1983,10133.0851886831,84.8562457934004,"Crime",6.99142185663925,851
219,"soybean",1983,10133.0851886831,84.8562457934004,"Documentary",7.24748490945674,497
219,"soybean",1983,10133.0851886831,84.8562457934004,"Drama",6.83731836195509,3028
219,"soybean",1983,10133.0851886831,84.8562457934004,"Family",6.99075025693731,973
219,"soybean",1983,10133.0851886831,84.8562457934004,"Fantasy",6.62304832713755,269
219,"soybean",1983,10133.0851886831,84.8562457934004,"History",7.32268041237113,194
219,"soybean",1983,10133.0851886831,84.8562457934004,"Horror",5.675,208
219,"soybean",1983,10133.0851886831,84.8562457934004,"Music",6.97774294670846,319
219,"soybean",1983,10133.0851886831,84.8562457934004,"Musical",6.44655172413793,116
219,"soybean",1983,10133.0851886831,84.8562457934004,"Mystery",6.84221453287197,289
219,"soybean",1983,10133.0851886831,84.8562457934004,"Other",6.83473684210527,95
219,"soybean",1983,10133.0851886831,84.8562457934004,"Romance",6.75363489499192,619
219,"soybean",1983,10133.0851886831,84.8562457934004,"Sci-Fi",6.13406593406593,182
219,"soybean",1983,10133.0851886831,84.8562457934004,"Short",6.41658291457286,398
219,"soybean",1983,10133.0851886831,84.8562457934004,"Sport",6.51884057971014,69
219,"soybean",1983,10133.0851886831,84.8562457934004,"Talk-Show",7.43614457831325,83
219,"soybean",1983,10133.0851886831,84.8562457934004,"Thriller",6.0073732718894,217
219,"soybean",1983,10133.0851886831,84.8562457934004,"War",6.95534591194969,159
220,"soybean",1984,10505.5664499514,372.4812612683,"Action",6.625,1240
220,"soybean",1984,10505.5664499514,372.4812612683,"Adult",5.73542168674699,415
220,"soybean",1984,10505.5664499514,372.4812612683,"Adventure",6.71043239533288,1457
220,"soybean",1984,10505.5664499514,372.4812612683,"Animation",6.68136117556071,1293
220,"soybean",1984,10505.5664499514,372.4812612683,"Biography",7.0965811965812,117
220,"soybean",1984,10505.5664499514,372.4812612683,"Comedy",6.78380097268986,2673
220,"soybean",1984,10505.5664499514,372.4812612683,"Crime",7.0567940552017,942
220,"soybean",1984,10505.5664499514,372.4812612683,"Documentary",7.17251732101617,433
220,"soybean",1984,10505.5664499514,372.4812612683,"Drama",6.84439083232811,3316
220,"soybean",1984,10505.5664499514,372.4812612683,"Family",7.06043388429752,968
220,"soybean",1984,10505.5664499514,372.4812612683,"Fantasy",6.73309090909091,275
220,"soybean",1984,10505.5664499514,372.4812612683,"History",7.40174672489083,229
220,"soybean",1984,10505.5664499514,372.4812612683,"Horror",5.73938053097345,226
220,"soybean",1984,10505.5664499514,372.4812612683,"Music",7.0469696969697,330
220,"soybean",1984,10505.5664499514,372.4812612683,"Musical",6.58225806451613,124
220,"soybean",1984,10505.5664499514,372.4812612683,"Mystery",6.96132404181185,287
220,"soybean",1984,10505.5664499514,372.4812612683,"Other",7.086,100
220,"soybean",1984,10505.5664499514,372.4812612683,"Romance",6.7110119047619,672
220,"soybean",1984,10505.5664499514,372.4812612683,"Sci-Fi",6.20175438596491,228
220,"soybean",1984,10505.5664499514,372.4812612683,"Short",6.56414141414141,396
220,"soybean",1984,10505.5664499514,372.4812612683,"Sport",6.46181818181818,110
220,"soybean",1984,10505.5664499514,372.4812612683,"Talk-Show",7.53382352941177,68
220,"soybean",1984,10505.5664499514,372.4812612683,"Thriller",5.98177966101695,236
220,"soybean",1984,10505.5664499514,372.4812612683,"War",6.84803149606299,127
221,"soybean",1985,11292.4937200993,786.9272701479,"Action",6.7241550695825,2012
221,"soybean",1985,11292.4937200993,786.9272701479,"Adult",6.00251798561151,556
221,"soybean",1985,11292.4937200993,786.9272701479,"Adventure",6.8415626695605,1843
221,"soybean",1985,11292.4937200993,786.9272701479,"Animation",6.95957224830464,1917
221,"soybean",1985,11292.4937200993,786.9272701479,"Biography",6.88173076923077,104
221,"soybean",1985,11292.4937200993,786.9272701479,"Comedy",6.82630780894617,2638
221,"soybean",1985,11292.4937200993,786.9272701479,"Crime",6.92310821806347,1229
221,"soybean",1985,11292.4937200993,786.9272701479,"Documentary",7.22767676767677,495
221,"soybean",1985,11292.4937200993,786.9272701479,"Drama",6.89484536082474,3589
221,"soybean",1985,11292.4937200993,786.9272701479,"Family",7.24643527204503,1066
221,"soybean",1985,11292.4937200993,786.9272701479,"Fantasy",6.78821917808219,365
221,"soybean",1985,11292.4937200993,786.9272701479,"History",7.40054347826087,184
221,"soybean",1985,11292.4937200993,786.9272701479,"Horror",5.4780701754386,228
221,"soybean",1985,11292.4937200993,786.9272701479,"Music",7.28409090909091,352
221,"soybean",1985,11292.4937200993,786.9272701479,"Musical",6.38849557522124,113
221,"soybean",1985,11292.4937200993,786.9272701479,"Mystery",7.07004950495049,404
221,"soybean",1985,11292.4937200993,786.9272701479,"Other",7.07261904761905,84
221,"soybean",1985,11292.4937200993,786.9272701479,"Romance",6.74799025578563,821
221,"soybean",1985,11292.4937200993,786.9272701479,"Sci-Fi",6.42783882783883,273
221,"soybean",1985,11292.4937200993,786.9272701479,"Short",6.38545454545455,440
221,"soybean",1985,11292.4937200993,786.9272701479,"Sport",6.15925925925926,108
221,"soybean",1985,11292.4937200993,786.9272701479,"Talk-Show",7.21428571428571,84
221,"soybean",1985,11292.4937200993,786.9272701479,"Thriller",6.03032786885246,244
221,"soybean",1985,11292.4937200993,786.9272701479,"War",6.71301369863014,146
222,"soybean",1986,11096.5536761172,-195.9400439821,"Action",6.86908442330559,1682
222,"soybean",1986,11096.5536761172,-195.9400439821,"Adult",5.97558139534884,516
222,"soybean",1986,11096.5536761172,-195.9400439821,"Adventure",6.95258413461538,1664
222,"soybean",1986,11096.5536761172,-195.9400439821,"Animation",7.05661467359908,1731
222,"soybean",1986,11096.5536761172,-195.9400439821,"Biography",7.04265734265734,143
222,"soybean",1986,11096.5536761172,-195.9400439821,"Comedy",6.86066291432145,3198
222,"soybean",1986,11096.5536761172,-195.9400439821,"Crime",6.88852188274154,1211
222,"soybean",1986,11096.5536761172,-195.9400439821,"Documentary",7.21708428246014,439
222,"soybean",1986,11096.5536761172,-195.9400439821,"Drama",6.86050972869279,3649
222,"soybean",1986,11096.5536761172,-195.9400439821,"Family",7.09429477020602,1262
222,"soybean",1986,11096.5536761172,-195.9400439821,"Fantasy",6.74244791666667,384
222,"soybean",1986,11096.5536761172,-195.9400439821,"History",7.22477064220184,109
222,"soybean",1986,11096.5536761172,-195.9400439821,"Horror",5.60431654676259,278
222,"soybean",1986,11096.5536761172,-195.9400439821,"Music",6.88646864686469,303
222,"soybean",1986,11096.5536761172,-195.9400439821,"Musical",6.78561151079137,139
222,"soybean",1986,11096.5536761172,-195.9400439821,"Mystery",7.1,329
222,"soybean",1986,11096.5536761172,-195.9400439821,"Other",6.38133333333333,75
222,"soybean",1986,11096.5536761172,-195.9400439821,"Romance",6.6387969924812,665
222,"soybean",1986,11096.5536761172,-195.9400439821,"Sci-Fi",6.46024096385542,249
222,"soybean",1986,11096.5536761172,-195.9400439821,"Short",6.54436781609195,435
222,"soybean",1986,11096.5536761172,-195.9400439821,"Sport",6.15967741935484,124
222,"soybean",1986,11096.5536761172,-195.9400439821,"Talk-Show",7.56818181818182,66
222,"soybean",1986,11096.5536761172,-195.9400439821,"Thriller",5.87671755725191,262
222,"soybean",1986,11096.5536761172,-195.9400439821,"War",6.4368932038835,103
223,"soybean",1987,11117.4958871584,20.9422110411997,"Action",6.61731946144431,1634
223,"soybean",1987,11117.4958871584,20.9422110411997,"Adult",5.9877358490566,424
223,"soybean",1987,11117.4958871584,20.9422110411997,"Adventure",6.93403068340307,1434
223,"soybean",1987,11117.4958871584,20.9422110411997,"Animation",7.10102105934907,1567
223,"soybean",1987,11117.4958871584,20.9422110411997,"Biography",7.15826771653543,127
223,"soybean",1987,11117.4958871584,20.9422110411997,"Comedy",6.87992125984252,3302
223,"soybean",1987,11117.4958871584,20.9422110411997,"Crime",6.9263109475621,1087
223,"soybean",1987,11117.4958871584,20.9422110411997,"Documentary",7.40018450184502,542
223,"soybean",1987,11117.4958871584,20.9422110411997,"Drama",6.90586473671076,4007
223,"soybean",1987,11117.4958871584,20.9422110411997,"Family",7.2551328068916,1393
223,"soybean",1987,11117.4958871584,20.9422110411997,"Fantasy",6.5676844783715,393
223,"soybean",1987,11117.4958871584,20.9422110411997,"History",7.2379679144385,187
223,"soybean",1987,11117.4958871584,20.9422110411997,"Horror",5.61568123393316,389
223,"soybean",1987,11117.4958871584,20.9422110411997,"Music",7.25296167247387,287
223,"soybean",1987,11117.4958871584,20.9422110411997,"Musical",6.61875,112
223,"soybean",1987,11117.4958871584,20.9422110411997,"Mystery",7.12184684684685,444
223,"soybean",1987,11117.4958871584,20.9422110411997,"Other",6.56206896551724,87
223,"soybean",1987,11117.4958871584,20.9422110411997,"Romance",6.96394176931691,893
223,"soybean",1987,11117.4958871584,20.9422110411997,"Sci-Fi",6.31274509803922,306
223,"soybean",1987,11117.4958871584,20.9422110411997,"Short",6.54635627530364,494
223,"soybean",1987,11117.4958871584,20.9422110411997,"Sport",6.15645161290323,124
223,"soybean",1987,11117.4958871584,20.9422110411997,"Talk-Show",7.27741935483871,93
223,"soybean",1987,11117.4958871584,20.9422110411997,"Thriller",5.91350482315113,311
223,"soybean",1987,11117.4958871584,20.9422110411997,"War",6.9525,160
224,"soybean",1988,10911.9418196194,-205.554067539,"Action",6.45193798449612,1419
224,"soybean",1988,10911.9418196194,-205.554067539,"Adult",6.05983827493261,371
224,"soybean",1988,10911.9418196194,-205.554067539,"Adventure",6.89118165784832,1134
224,"soybean",1988,10911.9418196194,-205.554067539,"Animation",6.96361538461538,1300
224,"soybean",1988,10911.9418196194,-205.554067539,"Biography",7.12112676056338,142
224,"soybean",1988,10911.9418196194,-205.554067539,"Comedy",6.82293781725888,3152
224,"soybean",1988,10911.9418196194,-205.554067539,"Crime",6.83842105263158,1140
224,"soybean",1988,10911.9418196194,-205.554067539,"Documentary",7.04599659284497,587
224,"soybean",1988,10911.9418196194,-205.554067539,"Drama",6.908,3775
224,"soybean",1988,10911.9418196194,-205.554067539,"Family",7.26961038961039,1155
224,"soybean",1988,10911.9418196194,-205.554067539,"Fantasy",6.65574837310195,461
224,"soybean",1988,10911.9418196194,-205.554067539,"History",7.57107438016529,242
224,"soybean",1988,10911.9418196194,-205.554067539,"Horror",5.63943965517241,464
224,"soybean",1988,10911.9418196194,-205.554067539,"Music",7.1522491349481,289
224,"soybean",1988,10911.9418196194,-205.554067539,"Musical",6.38709677419355,93
224,"soybean",1988,10911.9418196194,-205.554067539,"Mystery",6.95885947046843,491
224,"soybean",1988,10911.9418196194,-205.554067539,"Other",6.60344827586207,116
224,"soybean",1988,10911.9418196194,-205.554067539,"Romance",6.88479467258602,901
224,"soybean",1988,10911.9418196194,-205.554067539,"Sci-Fi",6.28429487179487,312
224,"soybean",1988,10911.9418196194,-205.554067539,"Short",6.60202839756592,493
224,"soybean",1988,10911.9418196194,-205.554067539,"Sport",6.43790322580645,124
224,"soybean",1988,10911.9418196194,-205.554067539,"Talk-Show",7.5,70
224,"soybean",1988,10911.9418196194,-205.554067539,"Thriller",6.07379679144385,374
224,"soybean",1988,10911.9418196194,-205.554067539,"War",6.8719806763285,207
225,"soybean",1989,11229.9185020104,317.976682391,"Action",6.55250596658711,1676
225,"soybean",1989,11229.9185020104,317.976682391,"Adult",6.20606796116505,412
225,"soybean",1989,11229.9185020104,317.976682391,"Adventure",6.82483847810481,1393
225,"soybean",1989,11229.9185020104,317.976682391,"Animation",6.91186943620178,1348
225,"soybean",1989,11229.9185020104,317.976682391,"Biography",6.89714285714286,140
225,"soybean",1989,11229.9185020104,317.976682391,"Comedy",6.89529078014184,3525
225,"soybean",1989,11229.9185020104,317.976682391,"Crime",6.81637658227848,1264
225,"soybean",1989,11229.9185020104,317.976682391,"Documentary",7.08524332810047,637
225,"soybean",1989,11229.9185020104,317.976682391,"Drama",6.90429813664596,4025
225,"soybean",1989,11229.9185020104,317.976682391,"Family",7.23338607594937,1264
225,"soybean",1989,11229.9185020104,317.976682391,"Fantasy",6.59295499021526,511
225,"soybean",1989,11229.9185020104,317.976682391,"History",7.19222614840989,283
225,"soybean",1989,11229.9185020104,317.976682391,"Horror",5.60994263862333,523
225,"soybean",1989,11229.9185020104,317.976682391,"Music",7.23170731707317,287
225,"soybean",1989,11229.9185020104,317.976682391,"Musical",6.57037037037037,81
225,"soybean",1989,11229.9185020104,317.976682391,"Mystery",7.02310286677909,593
225,"soybean",1989,11229.9185020104,317.976682391,"Other",6.84444444444445,180
225,"soybean",1989,11229.9185020104,317.976682391,"Romance",6.73271832718327,813
225,"soybean",1989,11229.9185020104,317.976682391,"Sci-Fi",6.17577639751553,322
225,"soybean",1989,11229.9185020104,317.976682391,"Short",6.54214559386973,522
225,"soybean",1989,11229.9185020104,317.976682391,"Sport",6.71888888888889,180
225,"soybean",1989,11229.9185020104,317.976682391,"Talk-Show",7.26829268292683,82
225,"soybean",1989,11229.9185020104,317.976682391,"Thriller",5.83809523809524,399
225,"soybean",1989,11229.9185020104,317.976682391,"War",7.09409090909091,220
226,"soybean",1990,12114.5890044793,884.6705024689,"Action",6.38689288090486,1503
226,"soybean",1990,12114.5890044793,884.6705024689,"Adult",6.19133663366337,404
226,"soybean",1990,12114.5890044793,884.6705024689,"Adventure",7.05024734982332,1415
226,"soybean",1990,12114.5890044793,884.6705024689,"Animation",6.99199706314244,1362
226,"soybean",1990,12114.5890044793,884.6705024689,"Biography",6.839375,160
226,"soybean",1990,12114.5890044793,884.6705024689,"Comedy",6.97618410489698,3737
226,"soybean",1990,12114.5890044793,884.6705024689,"Crime",6.70660237388724,1348
226,"soybean",1990,12114.5890044793,884.6705024689,"Documentary",7.02060857538036,723
226,"soybean",1990,12114.5890044793,884.6705024689,"Drama",6.8402478314746,4035
226,"soybean",1990,12114.5890044793,884.6705024689,"Family",7.09252640129976,1231
226,"soybean",1990,12114.5890044793,884.6705024689,"Fantasy",6.43852813852814,462
226,"soybean",1990,12114.5890044793,884.6705024689,"History",7.21747967479675,246
226,"soybean",1990,12114.5890044793,884.6705024689,"Horror",5.55341176470588,425
226,"soybean",1990,12114.5890044793,884.6705024689,"Music",7.24985835694051,353
226,"soybean",1990,12114.5890044793,884.6705024689,"Musical",7.09649122807018,114
226,"soybean",1990,12114.5890044793,884.6705024689,"Mystery",7.0950184501845,542
226,"soybean",1990,12114.5890044793,884.6705024689,"Other",6.67209302325581,172
226,"soybean",1990,12114.5890044793,884.6705024689,"Romance",6.52310513447433,818
226,"soybean",1990,12114.5890044793,884.6705024689,"Sci-Fi",6.0978102189781,274
226,"soybean",1990,12114.5890044793,884.6705024689,"Short",6.3631970260223,538
226,"soybean",1990,12114.5890044793,884.6705024689,"Sport",6.83640552995392,217
226,"soybean",1990,12114.5890044793,884.6705024689,"Talk-Show",6.99878048780488,82
226,"soybean",1990,12114.5890044793,884.6705024689,"Thriller",5.74959128065395,367
226,"soybean",1990,12114.5890044793,884.6705024689,"War",7.23028571428571,175
227,"soybean",1991,11445.6131421141,-668.9758623652,"Action",6.53292533659731,1634
227,"soybean",1991,11445.6131421141,-668.9758623652,"Adult",6.18719806763285,414
227,"soybean",1991,11445.6131421141,-668.9758623652,"Adventure",7.08911651728553,1562
227,"soybean",1991,11445.6131421141,-668.9758623652,"Animation",7.1132848645076,1513
227,"soybean",1991,11445.6131421141,-668.9758623652,"Biography",6.91818181818182,143
227,"soybean",1991,11445.6131421141,-668.9758623652,"Comedy",7.00351145038168,3930
227,"soybean",1991,11445.6131421141,-668.9758623652,"Crime",6.81718131433096,1263
227,"soybean",1991,11445.6131421141,-668.9758623652,"Documentary",7.17095541401274,785
227,"soybean",1991,11445.6131421141,-668.9758623652,"Drama",6.90377262299261,3923
227,"soybean",1991,11445.6131421141,-668.9758623652,"Family",7.19041353383459,1064
227,"soybean",1991,11445.6131421141,-668.9758623652,"Fantasy",6.58095238095238,483
227,"soybean",1991,11445.6131421141,-668.9758623652,"History",7.48286713286713,286
227,"soybean",1991,11445.6131421141,-668.9758623652,"Horror",5.6,354
227,"soybean",1991,11445.6131421141,-668.9758623652,"Music",7.27204819277108,415
227,"soybean",1991,11445.6131421141,-668.9758623652,"Musical",6.82680412371134,97
227,"soybean",1991,11445.6131421141,-668.9758623652,"Mystery",7.02337917485265,509
227,"soybean",1991,11445.6131421141,-668.9758623652,"Other",7.04615384615385,169
227,"soybean",1991,11445.6131421141,-668.9758623652,"Romance",6.62362971985384,821
227,"soybean",1991,11445.6131421141,-668.9758623652,"Sci-Fi",6.24147286821705,258
227,"soybean",1991,11445.6131421141,-668.9758623652,"Short",6.74388984509466,581
227,"soybean",1991,11445.6131421141,-668.9758623652,"Sport",6.7565,200
227,"soybean",1991,11445.6131421141,-668.9758623652,"Talk-Show",6.8394495412844,109
227,"soybean",1991,11445.6131421141,-668.9758623652,"Thriller",5.74,350
227,"soybean",1991,11445.6131421141,-668.9758623652,"War",6.89333333333333,120
228,"soybean",1992,11671.0109799616,225.3978378475,"Action",6.53590425531915,1504
228,"soybean",1992,11671.0109799616,225.3978378475,"Adult",6.29188118811881,505
228,"soybean",1992,11671.0109799616,225.3978378475,"Adventure",7.08560606060606,1584
228,"soybean",1992,11671.0109799616,225.3978378475,"Animation",7.11291696238467,1409
228,"soybean",1992,11671.0109799616,225.3978378475,"Biography",6.97153284671533,137
228,"soybean",1992,11671.0109799616,225.3978378475,"Comedy",7.02885043263288,4045
228,"soybean",1992,11671.0109799616,225.3978378475,"Crime",6.83067577828398,1317
228,"soybean",1992,11671.0109799616,225.3978378475,"Documentary",7.12360616844603,843
228,"soybean",1992,11671.0109799616,225.3978378475,"Drama",6.85292450399382,3881
228,"soybean",1992,11671.0109799616,225.3978378475,"Family",7.06808873720137,1172
228,"soybean",1992,11671.0109799616,225.3978378475,"Fantasy",6.7445871559633,545
228,"soybean",1992,11671.0109799616,225.3978378475,"History",7.25016611295681,301
228,"soybean",1992,11671.0109799616,225.3978378475,"Horror",5.64587912087912,364
228,"soybean",1992,11671.0109799616,225.3978378475,"Music",7.24915254237288,413
228,"soybean",1992,11671.0109799616,225.3978378475,"Musical",6.75540540540541,74
228,"soybean",1992,11671.0109799616,225.3978378475,"Mystery",7.06137931034483,435
228,"soybean",1992,11671.0109799616,225.3978378475,"Other",6.73473053892215,167
228,"soybean",1992,11671.0109799616,225.3978378475,"Romance",6.53239740820734,926
228,"soybean",1992,11671.0109799616,225.3978378475,"Sci-Fi",6.36489361702128,282
228,"soybean",1992,11671.0109799616,225.3978378475,"Short",6.59237012987013,616
228,"soybean",1992,11671.0109799616,225.3978378475,"Sport",6.76623376623377,231
228,"soybean",1992,11671.0109799616,225.3978378475,"Talk-Show",6.24444444444444,99
228,"soybean",1992,11671.0109799616,225.3978378475,"Thriller",5.6976253298153,379
228,"soybean",1992,11671.0109799616,225.3978378475,"War",7.02991452991453,117
229,"soybean",1993,12315.6476997994,644.636719837799,"Action",6.76009538950715,1887
229,"soybean",1993,12315.6476997994,644.636719837799,"Adult",6.30644599303136,574
229,"soybean",1993,12315.6476997994,644.636719837799,"Adventure",7.18787706317587,1757
229,"soybean",1993,12315.6476997994,644.636719837799,"Animation",7.29629147690306,1537
229,"soybean",1993,12315.6476997994,644.636719837799,"Biography",7.10245098039216,204
229,"soybean",1993,12315.6476997994,644.636719837799,"Comedy",7.06883243771373,4094
229,"soybean",1993,12315.6476997994,644.636719837799,"Crime",6.95122273628553,1513
229,"soybean",1993,12315.6476997994,644.636719837799,"Documentary",7.16536748329621,898
229,"soybean",1993,12315.6476997994,644.636719837799,"Drama",6.93531376759723,4191
229,"soybean",1993,12315.6476997994,644.636719837799,"Family",7.15480620155039,1290
229,"soybean",1993,12315.6476997994,644.636719837799,"Fantasy",6.81482213438735,506
229,"soybean",1993,12315.6476997994,644.636719837799,"History",7.19651162790698,172
229,"soybean",1993,12315.6476997994,644.636719837799,"Horror",5.72547770700637,314
229,"soybean",1993,12315.6476997994,644.636719837799,"Music",7.29744680851064,470
229,"soybean",1993,12315.6476997994,644.636719837799,"Musical",6.5641975308642,81
229,"soybean",1993,12315.6476997994,644.636719837799,"Mystery",7.27781456953642,604
229,"soybean",1993,12315.6476997994,644.636719837799,"Other",6.65635593220339,236
229,"soybean",1993,12315.6476997994,644.636719837799,"Romance",6.62842696629213,890
229,"soybean",1993,12315.6476997994,644.636719837799,"Sci-Fi",6.3420245398773,326
229,"soybean",1993,12315.6476997994,644.636719837799,"Short",6.56772793053546,691
229,"soybean",1993,12315.6476997994,644.636719837799,"Sport",6.4487012987013,308
229,"soybean",1993,12315.6476997994,644.636719837799,"Talk-Show",6.20246913580247,81
229,"soybean",1993,12315.6476997994,644.636719837799,"Thriller",5.65288220551378,399
229,"soybean",1993,12315.6476997994,644.636719837799,"War",6.50574712643678,87
230,"soybean",1994,12713.3842952214,397.736595422,"Action",6.75739206279983,2293
230,"soybean",1994,12713.3842952214,397.736595422,"Adult",6.3875,616
230,"soybean",1994,12713.3842952214,397.736595422,"Adventure",7.15920930232558,2150
230,"soybean",1994,12713.3842952214,397.736595422,"Animation",7.31953955135773,1694
230,"soybean",1994,12713.3842952214,397.736595422,"Biography",6.86268656716418,201
230,"soybean",1994,12713.3842952214,397.736595422,"Comedy",7.06714453584019,4255
230,"soybean",1994,12713.3842952214,397.736595422,"Crime",6.9934396076027,1631
230,"soybean",1994,12713.3842952214,397.736595422,"Documentary",7.18310749774164,1107
230,"soybean",1994,12713.3842952214,397.736595422,"Drama",6.90936872629935,4483
230,"soybean",1994,12713.3842952214,397.736595422,"Family",7.15595588235294,1360
230,"soybean",1994,12713.3842952214,397.736595422,"Fantasy",6.80910683012259,571
230,"soybean",1994,12713.3842952214,397.736595422,"History",7.36028037383178,214
230,"soybean",1994,12713.3842952214,397.736595422,"Horror",5.73046357615894,302
230,"soybean",1994,12713.3842952214,397.736595422,"Music",7.34447058823529,425
230,"soybean",1994,12713.3842952214,397.736595422,"Musical",7.20967741935484,93
230,"soybean",1994,12713.3842952214,397.736595422,"Mystery",7.09176829268293,656
230,"soybean",1994,12713.3842952214,397.736595422,"Other",6.91892744479495,317
230,"soybean",1994,12713.3842952214,397.736595422,"Romance",6.73022312373225,986
230,"soybean",1994,12713.3842952214,397.736595422,"Sci-Fi",6.31967213114754,366
230,"soybean",1994,12713.3842952214,397.736595422,"Short",6.60054794520548,730
230,"soybean",1994,12713.3842952214,397.736595422,"Sport",6.71163522012579,318
230,"soybean",1994,12713.3842952214,397.736595422,"Talk-Show",6.38,115
230,"soybean",1994,12713.3842952214,397.736595422,"Thriller",5.76780821917808,438
230,"soybean",1994,12713.3842952214,397.736595422,"War",7.11775700934579,107
231,"soybean",1995,12476.4182324558,-236.966062765599,"Action",6.90427176566314,2458
231,"soybean",1995,12476.4182324558,-236.966062765599,"Adult",6.39351988217968,679
231,"soybean",1995,12476.4182324558,-236.966062765599,"Adventure",7.32454702329594,2318
231,"soybean",1995,12476.4182324558,-236.966062765599,"Animation",7.43774062816616,1974
231,"soybean",1995,12476.4182324558,-236.966062765599,"Biography",6.89806451612903,310
231,"soybean",1995,12476.4182324558,-236.966062765599,"Comedy",7.10939471839215,4279
231,"soybean",1995,12476.4182324558,-236.966062765599,"Crime",7.03913305237809,1661
231,"soybean",1995,12476.4182324558,-236.966062765599,"Documentary",7.14599504541701,1211
231,"soybean",1995,12476.4182324558,-236.966062765599,"Drama",6.96751907609816,4849
231,"soybean",1995,12476.4182324558,-236.966062765599,"Family",7.11898016997167,1412
231,"soybean",1995,12476.4182324558,-236.966062765599,"Fantasy",7.00179856115108,556
231,"soybean",1995,12476.4182324558,-236.966062765599,"History",7.42961956521739,368
231,"soybean",1995,12476.4182324558,-236.966062765599,"Horror",5.6267029972752,367
231,"soybean",1995,12476.4182324558,-236.966062765599,"Music",7.43630705394191,482
231,"soybean",1995,12476.4182324558,-236.966062765599,"Musical",6.75365853658537,82
231,"soybean",1995,12476.4182324558,-236.966062765599,"Mystery",7.11926229508197,732
231,"soybean",1995,12476.4182324558,-236.966062765599,"Other",7.15225806451613,310
231,"soybean",1995,12476.4182324558,-236.966062765599,"Romance",6.80464216634429,1034
231,"soybean",1995,12476.4182324558,-236.966062765599,"Sci-Fi",6.29800884955752,452
231,"soybean",1995,12476.4182324558,-236.966062765599,"Short",6.6487684729064,812
231,"soybean",1995,12476.4182324558,-236.966062765599,"Sport",6.62269736842105,304
231,"soybean",1995,12476.4182324558,-236.966062765599,"Talk-Show",6.84150943396226,159
231,"soybean",1995,12476.4182324558,-236.966062765599,"Thriller",5.82674199623352,531
231,"soybean",1995,12476.4182324558,-236.966062765599,"War",7.43155339805825,206
232,"soybean",1996,13166.2116973363,689.7934648805,"Action",6.92350443844076,2591
232,"soybean",1996,13166.2116973363,689.7934648805,"Adult",6.48270676691729,532
232,"soybean",1996,13166.2116973363,689.7934648805,"Adventure",7.19391143911439,2168
232,"soybean",1996,13166.2116973363,689.7934648805,"Animation",7.33894255210981,1967
232,"soybean",1996,13166.2116973363,689.7934648805,"Biography",6.72935153583618,293
232,"soybean",1996,13166.2116973363,689.7934648805,"Comedy",7.06263374485597,4860
232,"soybean",1996,13166.2116973363,689.7934648805,"Crime",7.05163288288288,1776
232,"soybean",1996,13166.2116973363,689.7934648805,"Documentary",7.20030326004549,1319
232,"soybean",1996,13166.2116973363,689.7934648805,"Drama",6.97454508280515,4891
232,"soybean",1996,13166.2116973363,689.7934648805,"Family",7.22015838732901,1389
232,"soybean",1996,13166.2116973363,689.7934648805,"Fantasy",6.829793977813,631
232,"soybean",1996,13166.2116973363,689.7934648805,"History",7.22016129032258,248
232,"soybean",1996,13166.2116973363,689.7934648805,"Horror",5.93832923832924,407
232,"soybean",1996,13166.2116973363,689.7934648805,"Music",7.35653153153153,444
232,"soybean",1996,13166.2116973363,689.7934648805,"Musical",6.61739130434783,92
232,"soybean",1996,13166.2116973363,689.7934648805,"Mystery",7.24782608695652,736
232,"soybean",1996,13166.2116973363,689.7934648805,"Other",6.63728323699422,346
232,"soybean",1996,13166.2116973363,689.7934648805,"Romance",6.85032021957914,1093
232,"soybean",1996,13166.2116973363,689.7934648805,"Sci-Fi",6.34665127020785,433
232,"soybean",1996,13166.2116973363,689.7934648805,"Short",6.66135371179039,916
232,"soybean",1996,13166.2116973363,689.7934648805,"Sport",6.6463768115942,345
232,"soybean",1996,13166.2116973363,689.7934648805,"Talk-Show",6.59444444444444,306
232,"soybean",1996,13166.2116973363,689.7934648805,"Thriller",5.92202166064982,554
232,"soybean",1996,13166.2116973363,689.7934648805,"War",7.19345794392523,107
233,"soybean",1997,13259.7435816228,93.5318842864999,"Action",7.00343362831858,2825
233,"soybean",1997,13259.7435816228,93.5318842864999,"Adult",6.51852551984877,529
233,"soybean",1997,13259.7435816228,93.5318842864999,"Adventure",7.16485647788984,2578
233,"soybean",1997,13259.7435816228,93.5318842864999,"Animation",7.37197278911565,2205
233,"soybean",1997,13259.7435816228,93.5318842864999,"Biography",7.10925925925926,324
233,"soybean",1997,13259.7435816228,93.5318842864999,"Comedy",6.9587835354649,5442
233,"soybean",1997,13259.7435816228,93.5318842864999,"Crime",7.04979057591623,1910
233,"soybean",1997,13259.7435816228,93.5318842864999,"Documentary",7.22206381534284,1473
233,"soybean",1997,13259.7435816228,93.5318842864999,"Drama",6.94723082881487,5164
233,"soybean",1997,13259.7435816228,93.5318842864999,"Family",6.90176553672316,1416
233,"soybean",1997,13259.7435816228,93.5318842864999,"Fantasy",6.52556480380499,841
233,"soybean",1997,13259.7435816228,93.5318842864999,"History",7.33479318734793,411
233,"soybean",1997,13259.7435816228,93.5318842864999,"Horror",5.85926892950392,383
233,"soybean",1997,13259.7435816228,93.5318842864999,"Music",7.03300395256917,506
233,"soybean",1997,13259.7435816228,93.5318842864999,"Musical",5.81120331950207,241
233,"soybean",1997,13259.7435816228,93.5318842864999,"Mystery",7.31002506265664,798
233,"soybean",1997,13259.7435816228,93.5318842864999,"Other",6.01017964071856,334
233,"soybean",1997,13259.7435816228,93.5318842864999,"Romance",6.80284360189573,1266
233,"soybean",1997,13259.7435816228,93.5318842864999,"Sci-Fi",6.43301204819277,415
233,"soybean",1997,13259.7435816228,93.5318842864999,"Short",6.67192118226601,1015
233,"soybean",1997,13259.7435816228,93.5318842864999,"Sport",6.72521994134897,341
233,"soybean",1997,13259.7435816228,93.5318842864999,"Talk-Show",5.63021390374332,374
233,"soybean",1997,13259.7435816228,93.5318842864999,"Thriller",5.95080500894454,559
233,"soybean",1997,13259.7435816228,93.5318842864999,"War",7.01848739495798,119
234,"soybean",1998,13899.2073080689,639.4637264461,"Action",6.96415532691669,3013
234,"soybean",1998,13899.2073080689,639.4637264461,"Adult",6.52848837209302,516
234,"soybean",1998,13899.2073080689,639.4637264461,"Adventure",7.16375650780937,2497
234,"soybean",1998,13899.2073080689,639.4637264461,"Animation",7.28402178847027,2203
234,"soybean",1998,13899.2073080689,639.4637264461,"Biography",6.97472527472527,364
234,"soybean",1998,13899.2073080689,639.4637264461,"Comedy",6.96455445544554,5555
234,"soybean",1998,13899.2073080689,639.4637264461,"Crime",7.06328754144955,2111
234,"soybean",1998,13899.2073080689,639.4637264461,"Documentary",7.1782412626832,1774
234,"soybean",1998,13899.2073080689,639.4637264461,"Drama",6.97336936265375,5366
234,"soybean",1998,13899.2073080689,639.4637264461,"Family",6.71688311688312,1309
234,"soybean",1998,13899.2073080689,639.4637264461,"Fantasy",6.29369797859691,841
234,"soybean",1998,13899.2073080689,639.4637264461,"History",7.41180555555556,288
234,"soybean",1998,13899.2073080689,639.4637264461,"Horror",5.81457489878543,494
234,"soybean",1998,13899.2073080689,639.4637264461,"Music",7.05496828752643,473
234,"soybean",1998,13899.2073080689,639.4637264461,"Musical",5.04226804123711,194
234,"soybean",1998,13899.2073080689,639.4637264461,"Mystery",7.31616541353383,798
234,"soybean",1998,13899.2073080689,639.4637264461,"Other",6.128,425
234,"soybean",1998,13899.2073080689,639.4637264461,"Romance",6.83554175293306,1449
234,"soybean",1998,13899.2073080689,639.4637264461,"Sci-Fi",6.5178970917226,447
234,"soybean",1998,13899.2073080689,639.4637264461,"Short",6.72970069071374,1303
234,"soybean",1998,13899.2073080689,639.4637264461,"Sport",6.70887949260042,473
234,"soybean",1998,13899.2073080689,639.4637264461,"Talk-Show",5.51261261261261,333
234,"soybean",1998,13899.2073080689,639.4637264461,"Thriller",6.08590831918506,589
234,"soybean",1998,13899.2073080689,639.4637264461,"War",7.14166666666667,144
235,"soybean",1999,13397.2454988137,-501.961809255201,"Action",6.98412204234122,3212
235,"soybean",1999,13397.2454988137,-501.961809255201,"Adult",6.63460869565217,575
235,"soybean",1999,13397.2454988137,-501.961809255201,"Adventure",7.17402805611222,2495
235,"soybean",1999,13397.2454988137,-501.961809255201,"Animation",7.27121451104101,2536
235,"soybean",1999,13397.2454988137,-501.961809255201,"Biography",6.97815533980583,412
235,"soybean",1999,13397.2454988137,-501.961809255201,"Comedy",6.95653953183827,6109
235,"soybean",1999,13397.2454988137,-501.961809255201,"Crime",7.02723995880535,1942
235,"soybean",1999,13397.2454988137,-501.961809255201,"Documentary",7.15432645034415,2034
235,"soybean",1999,13397.2454988137,-501.961809255201,"Drama",6.92693856998993,5958
235,"soybean",1999,13397.2454988137,-501.961809255201,"Family",7.05830235439901,1614
235,"soybean",1999,13397.2454988137,-501.961809255201,"Fantasy",6.50764075067024,746
235,"soybean",1999,13397.2454988137,-501.961809255201,"History",7.40326086956522,460
235,"soybean",1999,13397.2454988137,-501.961809255201,"Horror",5.96684397163121,564
235,"soybean",1999,13397.2454988137,-501.961809255201,"Music",6.96265486725664,565
235,"soybean",1999,13397.2454988137,-501.961809255201,"Musical",5.26,115
235,"soybean",1999,13397.2454988137,-501.961809255201,"Mystery",7.35493133583021,801
235,"soybean",1999,13397.2454988137,-501.961809255201,"Other",6.50171821305842,291
235,"soybean",1999,13397.2454988137,-501.961809255201,"Romance",6.80304449648712,1708
235,"soybean",1999,13397.2454988137,-501.961809255201,"Sci-Fi",6.50286343612335,454
235,"soybean",1999,13397.2454988137,-501.961809255201,"Short",6.60245591939547,1588
235,"soybean",1999,13397.2454988137,-501.961809255201,"Sport",6.65133470225873,487
235,"soybean",1999,13397.2454988137,-501.961809255201,"Talk-Show",6.25970695970696,273
235,"soybean",1999,13397.2454988137,-501.961809255201,"Thriller",5.89983896940419,621
235,"soybean",1999,13397.2454988137,-501.961809255201,"War",7.32088607594937,158
236,"soybean",2000,13042.8651908115,-354.380308002199,"Action",6.93390216154721,3516
236,"soybean",2000,13042.8651908115,-354.380308002199,"Adult",6.65238095238095,588
236,"soybean",2000,13042.8651908115,-354.380308002199,"Adventure",7.02269158878505,2675
236,"soybean",2000,13042.8651908115,-354.380308002199,"Animation",7.18362863217576,2822
236,"soybean",2000,13042.8651908115,-354.380308002199,"Biography",7.01370143149284,489
236,"soybean",2000,13042.8651908115,-354.380308002199,"Comedy",6.99127416955875,6051
236,"soybean",2000,13042.8651908115,-354.380308002199,"Crime",7.03936120244246,2129
236,"soybean",2000,13042.8651908115,-354.380308002199,"Documentary",7.0653895824365,2323
236,"soybean",2000,13042.8651908115,-354.380308002199,"Drama",7.10999521759924,6273
236,"soybean",2000,13042.8651908115,-354.380308002199,"Family",7.05932721712538,1635
236,"soybean",2000,13042.8651908115,-354.380308002199,"Fantasy",6.54622871046229,822
236,"soybean",2000,13042.8651908115,-354.380308002199,"History",7.4662037037037,432
236,"soybean",2000,13042.8651908115,-354.380308002199,"Horror",5.9034965034965,715
236,"soybean",2000,13042.8651908115,-354.380308002199,"Music",6.96813186813187,546
236,"soybean",2000,13042.8651908115,-354.380308002199,"Musical",6.02272727272727,132
236,"soybean",2000,13042.8651908115,-354.380308002199,"Mystery",7.21426966292135,890
236,"soybean",2000,13042.8651908115,-354.380308002199,"Other",6.18958333333333,432
236,"soybean",2000,13042.8651908115,-354.380308002199,"Romance",6.93972081218274,1576
236,"soybean",2000,13042.8651908115,-354.380308002199,"Sci-Fi",6.64704684317719,491
236,"soybean",2000,13042.8651908115,-354.380308002199,"Short",6.67538779731127,1934
236,"soybean",2000,13042.8651908115,-354.380308002199,"Sport",6.38038461538462,520
236,"soybean",2000,13042.8651908115,-354.380308002199,"Talk-Show",6.24811715481172,239
236,"soybean",2000,13042.8651908115,-354.380308002199,"Thriller",5.78828125,640
236,"soybean",2000,13042.8651908115,-354.380308002199,"War",7.18639053254438,169
237,"soybean",2001,14126.4489955977,1083.5838047862,"Action",6.98802021403092,3364
237,"soybean",2001,14126.4489955977,1083.5838047862,"Adult",6.56009316770186,644
237,"soybean",2001,14126.4489955977,1083.5838047862,"Adventure",7.13062352012628,2534
237,"soybean",2001,14126.4489955977,1083.5838047862,"Animation",7.20610526315789,2850
237,"soybean",2001,14126.4489955977,1083.5838047862,"Biography",6.96637554585153,458
237,"soybean",2001,14126.4489955977,1083.5838047862,"Comedy",7.03318604296815,6563
237,"soybean",2001,14126.4489955977,1083.5838047862,"Crime",6.89991063449509,2238
237,"soybean",2001,14126.4489955977,1083.5838047862,"Documentary",7.21319926873857,2735
237,"soybean",2001,14126.4489955977,1083.5838047862,"Drama",7.13027758007117,7025
237,"soybean",2001,14126.4489955977,1083.5838047862,"Family",7.21192758253461,1878
237,"soybean",2001,14126.4489955977,1083.5838047862,"Fantasy",6.82438524590164,976
237,"soybean",2001,14126.4489955977,1083.5838047862,"History",7.49837962962963,432
237,"soybean",2001,14126.4489955977,1083.5838047862,"Horror",5.89121212121212,660
237,"soybean",2001,14126.4489955977,1083.5838047862,"Music",7.11565096952909,722
237,"soybean",2001,14126.4489955977,1083.5838047862,"Musical",6.1521472392638,163
237,"soybean",2001,14126.4489955977,1083.5838047862,"Mystery",7.23746065057713,953
237,"soybean",2001,14126.4489955977,1083.5838047862,"Other",6.7539393939394,495
237,"soybean",2001,14126.4489955977,1083.5838047862,"Romance",6.96110244409776,1923
237,"soybean",2001,14126.4489955977,1083.5838047862,"Sci-Fi",6.7723259762309,589
237,"soybean",2001,14126.4489955977,1083.5838047862,"Short",6.69995433789954,2190
237,"soybean",2001,14126.4489955977,1083.5838047862,"Sport",6.86745182012848,467
237,"soybean",2001,14126.4489955977,1083.5838047862,"Talk-Show",6.37166666666667,300
237,"soybean",2001,14126.4489955977,1083.5838047862,"Thriller",5.76003236245955,618
237,"soybean",2001,14126.4489955977,1083.5838047862,"War",7.19943181818182,176
238,"soybean",2002,14116.6841827482,-9.76481284950023,"Action",6.9790811904074,3461
238,"soybean",2002,14116.6841827482,-9.76481284950023,"Adult",6.65557299843014,637
238,"soybean",2002,14116.6841827482,-9.76481284950023,"Adventure",7.19633982538616,2978
238,"soybean",2002,14116.6841827482,-9.76481284950023,"Animation",7.20312215822977,3299
238,"soybean",2002,14116.6841827482,-9.76481284950023,"Biography",6.92048780487805,410
238,"soybean",2002,14116.6841827482,-9.76481284950023,"Comedy",6.97758369723435,6870
238,"soybean",2002,14116.6841827482,-9.76481284950023,"Crime",7.07546125461255,2168
238,"soybean",2002,14116.6841827482,-9.76481284950023,"Documentary",7.14270592127026,3023
238,"soybean",2002,14116.6841827482,-9.76481284950023,"Drama",7.09963734049698,7445
238,"soybean",2002,14116.6841827482,-9.76481284950023,"Family",7.02642369020501,1756
238,"soybean",2002,14116.6841827482,-9.76481284950023,"Fantasy",6.7214709371293,843
238,"soybean",2002,14116.6841827482,-9.76481284950023,"History",7.29926650366748,409
238,"soybean",2002,14116.6841827482,-9.76481284950023,"Horror",5.71154401154401,693
238,"soybean",2002,14116.6841827482,-9.76481284950023,"Music",6.94195624195624,777
238,"soybean",2002,14116.6841827482,-9.76481284950023,"Musical",6.832,150
238,"soybean",2002,14116.6841827482,-9.76481284950023,"Mystery",7.20052465897167,953
238,"soybean",2002,14116.6841827482,-9.76481284950023,"Other",6.28085808580858,606
238,"soybean",2002,14116.6841827482,-9.76481284950023,"Romance",6.80668069437138,1901
238,"soybean",2002,14116.6841827482,-9.76481284950023,"Sci-Fi",6.7819734345351,527
238,"soybean",2002,14116.6841827482,-9.76481284950023,"Short",6.72030692362598,2802
238,"soybean",2002,14116.6841827482,-9.76481284950023,"Sport",6.72833333333333,540
238,"soybean",2002,14116.6841827482,-9.76481284950023,"Talk-Show",6.08660130718954,306
238,"soybean",2002,14116.6841827482,-9.76481284950023,"Thriller",6.13081481481481,675
238,"soybean",2002,14116.6841827482,-9.76481284950023,"War",6.98857142857143,175
239,"soybean",2003,13718.3034319878,-398.3807507604,"Action",7.09384696292401,3803
239,"soybean",2003,13718.3034319878,-398.3807507604,"Adult",6.55618631732169,687
239,"soybean",2003,13718.3034319878,-398.3807507604,"Adventure",7.27391304347826,3220
239,"soybean",2003,13718.3034319878,-398.3807507604,"Animation",7.24193905817175,3610
239,"soybean",2003,13718.3034319878,-398.3807507604,"Biography",7.00566502463054,406
239,"soybean",2003,13718.3034319878,-398.3807507604,"Comedy",6.92692678891493,7253
239,"soybean",2003,13718.3034319878,-398.3807507604,"Crime",7.11276505513147,2358
239,"soybean",2003,13718.3034319878,-398.3807507604,"Documentary",7.08775510204082,3626
239,"soybean",2003,13718.3034319878,-398.3807507604,"Drama",7.12569803516029,7736
239,"soybean",2003,13718.3034319878,-398.3807507604,"Family",7.0452296819788,1698
239,"soybean",2003,13718.3034319878,-398.3807507604,"Fantasy",6.85158371040724,884
239,"soybean",2003,13718.3034319878,-398.3807507604,"History",7.48904847396768,557
239,"soybean",2003,13718.3034319878,-398.3807507604,"Horror",5.7609819121447,774
239,"soybean",2003,13718.3034319878,-398.3807507604,"Music",6.67396386822529,941
239,"soybean",2003,13718.3034319878,-398.3807507604,"Musical",6.38674698795181,166
239,"soybean",2003,13718.3034319878,-398.3807507604,"Mystery",7.24451038575668,1011
239,"soybean",2003,13718.3034319878,-398.3807507604,"Other",6.05847568988174,761
239,"soybean",2003,13718.3034319878,-398.3807507604,"Romance",6.83411826268969,1911
239,"soybean",2003,13718.3034319878,-398.3807507604,"Sci-Fi",6.51274509803922,510
239,"soybean",2003,13718.3034319878,-398.3807507604,"Short",6.75318694724001,3279
239,"soybean",2003,13718.3034319878,-398.3807507604,"Sport",6.99736842105263,456
239,"soybean",2003,13718.3034319878,-398.3807507604,"Talk-Show",6.11777251184834,422
239,"soybean",2003,13718.3034319878,-398.3807507604,"Thriller",6.0474043715847,732
239,"soybean",2003,13718.3034319878,-398.3807507604,"War",7.04522292993631,157
240,"soybean",2004,13756.3528965265,38.0494645386989,"Action",7.12860163891092,3783
240,"soybean",2004,13756.3528965265,38.0494645386989,"Adult",6.66710875331565,754
240,"soybean",2004,13756.3528965265,38.0494645386989,"Adventure",7.27427854454203,3188
240,"soybean",2004,13756.3528965265,38.0494645386989,"Animation",7.2377239199157,3796
240,"soybean",2004,13756.3528965265,38.0494645386989,"Biography",7.13758099352052,463
240,"soybean",2004,13756.3528965265,38.0494645386989,"Comedy",6.92940685045948,8379
240,"soybean",2004,13756.3528965265,38.0494645386989,"Crime",7.30657948508378,2447
240,"soybean",2004,13756.3528965265,38.0494645386989,"Documentary",7.14302562939442,4409
240,"soybean",2004,13756.3528965265,38.0494645386989,"Drama",7.10425055928412,8046
240,"soybean",2004,13756.3528965265,38.0494645386989,"Family",7.14618696186962,1626
240,"soybean",2004,13756.3528965265,38.0494645386989,"Fantasy",7.02067156348374,953
240,"soybean",2004,13756.3528965265,38.0494645386989,"History",7.66351931330472,699
240,"soybean",2004,13756.3528965265,38.0494645386989,"Horror",5.84227129337539,951
240,"soybean",2004,13756.3528965265,38.0494645386989,"Music",6.7269621421976,1083
240,"soybean",2004,13756.3528965265,38.0494645386989,"Musical",6.73818181818182,165
240,"soybean",2004,13756.3528965265,38.0494645386989,"Mystery",7.2269477543538,1091
240,"soybean",2004,13756.3528965265,38.0494645386989,"Other",5.95509783728115,971
240,"soybean",2004,13756.3528965265,38.0494645386989,"Romance",6.80166585007349,2041
240,"soybean",2004,13756.3528965265,38.0494645386989,"Sci-Fi",6.553911205074,473
240,"soybean",2004,13756.3528965265,38.0494645386989,"Short",6.88909512761021,4310
240,"soybean",2004,13756.3528965265,38.0494645386989,"Sport",6.98292253521127,568
240,"soybean",2004,13756.3528965265,38.0494645386989,"Talk-Show",6.33369713506139,733
240,"soybean",2004,13756.3528965265,38.0494645386989,"Thriller",6.21326530612245,784
240,"soybean",2004,13756.3528965265,38.0494645386989,"War",7.26171875,256
241,"soybean",2005,14005.5849089995,249.232012473001,"Action",7.11574884199691,3886
241,"soybean",2005,14005.5849089995,249.232012473001,"Adult",6.82782051282051,780
241,"soybean",2005,14005.5849089995,249.232012473001,"Adventure",7.39850662158354,3549
241,"soybean",2005,14005.5849089995,249.232012473001,"Animation",7.37412155745489,4212
241,"soybean",2005,14005.5849089995,249.232012473001,"Biography",7.05631691648822,467
241,"soybean",2005,14005.5849089995,249.232012473001,"Comedy",7.00267884635123,9743
241,"soybean",2005,14005.5849089995,249.232012473001,"Crime",7.31173657100809,2718
241,"soybean",2005,14005.5849089995,249.232012473001,"Documentary",7.21298921091601,4727
241,"soybean",2005,14005.5849089995,249.232012473001,"Drama",7.12572955199342,9732
241,"soybean",2005,14005.5849089995,249.232012473001,"Family",7.22235477178423,1928
241,"soybean",2005,14005.5849089995,249.232012473001,"Fantasy",7.08908145580589,1154
241,"soybean",2005,14005.5849089995,249.232012473001,"History",7.32447844228095,719
241,"soybean",2005,14005.5849089995,249.232012473001,"Horror",5.76285979572888,1077
241,"soybean",2005,14005.5849089995,249.232012473001,"Music",6.74270664505673,1234
241,"soybean",2005,14005.5849089995,249.232012473001,"Musical",6.90432432432432,185
241,"soybean",2005,14005.5849089995,249.232012473001,"Mystery",7.29337431693989,1464
241,"soybean",2005,14005.5849089995,249.232012473001,"Other",6.17995028997515,1207
241,"soybean",2005,14005.5849089995,249.232012473001,"Romance",6.81268251981644,2397
241,"soybean",2005,14005.5849089995,249.232012473001,"Sci-Fi",6.66435452793834,519
241,"soybean",2005,14005.5849089995,249.232012473001,"Short",6.91885125184094,4753
241,"soybean",2005,14005.5849089995,249.232012473001,"Sport",7.00310650887574,676
241,"soybean",2005,14005.5849089995,249.232012473001,"Talk-Show",6.08798235942668,907
241,"soybean",2005,14005.5849089995,249.232012473001,"Thriller",6.37704918032787,915
241,"soybean",2005,14005.5849089995,249.232012473001,"War",7.09683257918552,221
242,"soybean",2006,14078.9787764698,73.3938674702986,"Action",7.05544106559437,3979
242,"soybean",2006,14078.9787764698,73.3938674702986,"Adult",6.78277777777778,720
242,"soybean",2006,14078.9787764698,73.3938674702986,"Adventure",7.23182849936948,3965
242,"soybean",2006,14078.9787764698,73.3938674702986,"Animation",7.28730745532964,4869
242,"soybean",2006,14078.9787764698,73.3938674702986,"Biography",7.17781954887218,532
242,"soybean",2006,14078.9787764698,73.3938674702986,"Comedy",6.98604651162791,10621
242,"soybean",2006,14078.9787764698,73.3938674702986,"Crime",7.1513475177305,2820
242,"soybean",2006,14078.9787764698,73.3938674702986,"Documentary",7.22308151093439,5030
242,"soybean",2006,14078.9787764698,73.3938674702986,"Drama",7.06434034416826,10460
242,"soybean",2006,14078.9787764698,73.3938674702986,"Family",6.94385964912281,2223
242,"soybean",2006,14078.9787764698,73.3938674702986,"Fantasy",7.03365455893254,1349
242,"soybean",2006,14078.9787764698,73.3938674702986,"History",7.28696808510638,752
242,"soybean",2006,14078.9787764698,73.3938674702986,"Horror",5.70702028081123,1282
242,"soybean",2006,14078.9787764698,73.3938674702986,"Music",6.79144385026738,1309
242,"soybean",2006,14078.9787764698,73.3938674702986,"Musical",6.6565445026178,191
242,"soybean",2006,14078.9787764698,73.3938674702986,"Mystery",7.24753127057275,1519
242,"soybean",2006,14078.9787764698,73.3938674702986,"Other",6.36289818863211,1601
242,"soybean",2006,14078.9787764698,73.3938674702986,"Romance",6.82303664921466,2483
242,"soybean",2006,14078.9787764698,73.3938674702986,"Sci-Fi",6.70448833034111,557
242,"soybean",2006,14078.9787764698,73.3938674702986,"Short",6.95232722143865,4963
242,"soybean",2006,14078.9787764698,73.3938674702986,"Sport",7.01750841750842,891
242,"soybean",2006,14078.9787764698,73.3938674702986,"Talk-Show",6.40616113744076,1055
242,"soybean",2006,14078.9787764698,73.3938674702986,"Thriller",6.15630797773655,1078
242,"soybean",2006,14078.9787764698,73.3938674702986,"War",7.14809160305343,262
243,"soybean",2007,13793.6625356004,-285.316240869399,"Action",7.10266415500538,3716
243,"soybean",2007,13793.6625356004,-285.316240869399,"Adult",6.81313320825516,533
243,"soybean",2007,13793.6625356004,-285.316240869399,"Adventure",7.26424932574168,3337
243,"soybean",2007,13793.6625356004,-285.316240869399,"Animation",7.31449676823638,4332
243,"soybean",2007,13793.6625356004,-285.316240869399,"Biography",7.15825688073395,436
243,"soybean",2007,13793.6625356004,-285.316240869399,"Comedy",7.00110366168128,9695
243,"soybean",2007,13793.6625356004,-285.316240869399,"Crime",7.13834738617201,2965
243,"soybean",2007,13793.6625356004,-285.316240869399,"Documentary",7.26605005440696,4595
243,"soybean",2007,13793.6625356004,-285.316240869399,"Drama",7.00258317418836,9949
243,"soybean",2007,13793.6625356004,-285.316240869399,"Family",7.06946406314915,2407
243,"soybean",2007,13793.6625356004,-285.316240869399,"Fantasy",7.00220848056537,1132
243,"soybean",2007,13793.6625356004,-285.316240869399,"History",7.39336016096579,994
243,"soybean",2007,13793.6625356004,-285.316240869399,"Horror",5.73173605655931,1273
243,"soybean",2007,13793.6625356004,-285.316240869399,"Music",6.887265917603,1068
243,"soybean",2007,13793.6625356004,-285.316240869399,"Musical",6.83204419889503,181
243,"soybean",2007,13793.6625356004,-285.316240869399,"Mystery",7.20828571428571,1400
243,"soybean",2007,13793.6625356004,-285.316240869399,"Other",6.3496577946768,1315
243,"soybean",2007,13793.6625356004,-285.316240869399,"Romance",6.80506726457399,2230
243,"soybean",2007,13793.6625356004,-285.316240869399,"Sci-Fi",6.58195718654434,654
243,"soybean",2007,13793.6625356004,-285.316240869399,"Short",6.93509252912954,4377
243,"soybean",2007,13793.6625356004,-285.316240869399,"Sport",7.16264534883721,688
243,"soybean",2007,13793.6625356004,-285.316240869399,"Talk-Show",6.61225490196078,816
243,"soybean",2007,13793.6625356004,-285.316240869399,"Thriller",6.08840284842319,983
243,"soybean",2007,13793.6625356004,-285.316240869399,"War",7.27389937106918,318
244,"soybean",2008,14000.5914149806,206.928879380199,"Action",7.059766615931,3942
244,"soybean",2008,14000.5914149806,206.928879380199,"Adult",6.79208074534161,644
244,"soybean",2008,14000.5914149806,206.928879380199,"Adventure",7.25361077111383,3268
244,"soybean",2008,14000.5914149806,206.928879380199,"Animation",7.2814348785872,4530
244,"soybean",2008,14000.5914149806,206.928879380199,"Biography",7.22503888024883,643
244,"soybean",2008,14000.5914149806,206.928879380199,"Comedy",6.96778673400019,10297
244,"soybean",2008,14000.5914149806,206.928879380199,"Crime",7.11785334750266,2823
244,"soybean",2008,14000.5914149806,206.928879380199,"Documentary",7.28353524229075,5448
244,"soybean",2008,14000.5914149806,206.928879380199,"Drama",7.02104483141904,10796
244,"soybean",2008,14000.5914149806,206.928879380199,"Family",6.96434443963652,2311
244,"soybean",2008,14000.5914149806,206.928879380199,"Fantasy",7.04183123877917,1114
244,"soybean",2008,14000.5914149806,206.928879380199,"History",7.43201834862385,1090
244,"soybean",2008,14000.5914149806,206.928879380199,"Horror",5.78365730741541,1389
244,"soybean",2008,14000.5914149806,206.928879380199,"Music",7.05690235690236,1188
244,"soybean",2008,14000.5914149806,206.928879380199,"Musical",6.70169491525424,236
244,"soybean",2008,14000.5914149806,206.928879380199,"Mystery",7.22365512159175,1357
244,"soybean",2008,14000.5914149806,206.928879380199,"Other",6.27857142857143,1526
244,"soybean",2008,14000.5914149806,206.928879380199,"Romance",6.73053790766624,2361
244,"soybean",2008,14000.5914149806,206.928879380199,"Sci-Fi",6.45805142083897,739
244,"soybean",2008,14000.5914149806,206.928879380199,"Short",6.94154706430569,5365
244,"soybean",2008,14000.5914149806,206.928879380199,"Sport",7.16213183730715,713
244,"soybean",2008,14000.5914149806,206.928879380199,"Talk-Show",6.29561403508772,912
244,"soybean",2008,14000.5914149806,206.928879380199,"Thriller",6.30162308385933,1109
244,"soybean",2008,14000.5914149806,206.928879380199,"War",7.30498442367601,321
245,"soybean",2009,13915.4553956538,-85.1360193267992,"Action",7.08876946698837,4559
245,"soybean",2009,13915.4553956538,-85.1360193267992,"Adult",6.59090909090909,561
245,"soybean",2009,13915.4553956538,-85.1360193267992,"Adventure",7.29895965490992,3941
245,"soybean",2009,13915.4553956538,-85.1360193267992,"Animation",7.2940310880829,4825
245,"soybean",2009,13915.4553956538,-85.1360193267992,"Biography",7.31806615776081,786
245,"soybean",2009,13915.4553956538,-85.1360193267992,"Comedy",7.02328042328042,12285
245,"soybean",2009,13915.4553956538,-85.1360193267992,"Crime",7.19427580225499,3459
245,"soybean",2009,13915.4553956538,-85.1360193267992,"Documentary",7.35274945679425,5983
245,"soybean",2009,13915.4553956538,-85.1360193267992,"Drama",7.04568675076393,12763
245,"soybean",2009,13915.4553956538,-85.1360193267992,"Family",7.14460486322188,2632
245,"soybean",2009,13915.4553956538,-85.1360193267992,"Fantasy",6.98973977695167,1345
245,"soybean",2009,13915.4553956538,-85.1360193267992,"History",7.40178837555887,1342
245,"soybean",2009,13915.4553956538,-85.1360193267992,"Horror",5.95708430913349,1708
245,"soybean",2009,13915.4553956538,-85.1360193267992,"Music",7.11989978525412,1397
245,"soybean",2009,13915.4553956538,-85.1360193267992,"Musical",7.05880149812734,267
245,"soybean",2009,13915.4553956538,-85.1360193267992,"Mystery",7.15597519729425,1774
245,"soybean",2009,13915.4553956538,-85.1360193267992,"Other",6.85713425647201,1661
245,"soybean",2009,13915.4553956538,-85.1360193267992,"Romance",6.8028980052691,2657
245,"soybean",2009,13915.4553956538,-85.1360193267992,"Sci-Fi",6.66545988258317,1022
245,"soybean",2009,13915.4553956538,-85.1360193267992,"Short",6.98163995908626,5866
245,"soybean",2009,13915.4553956538,-85.1360193267992,"Sport",7.27747875354108,706
245,"soybean",2009,13915.4553956538,-85.1360193267992,"Talk-Show",7.10334101382488,868
245,"soybean",2009,13915.4553956538,-85.1360193267992,"Thriller",6.27571860816944,1322
245,"soybean",2009,13915.4553956538,-85.1360193267992,"War",7.25963541666667,384
246,"soybean",2010,14863.6330278441,948.1776321903,"Action",7.1550070238812,4983
246,"soybean",2010,14863.6330278441,948.1776321903,"Adult",6.59077181208054,596
246,"soybean",2010,14863.6330278441,948.1776321903,"Adventure",7.32830235439901,4035
246,"soybean",2010,14863.6330278441,948.1776321903,"Animation",7.26604150039904,5012
246,"soybean",2010,14863.6330278441,948.1776321903,"Biography",7.23323671497585,1035
246,"soybean",2010,14863.6330278441,948.1776321903,"Comedy",7.04728569237847,13042
246,"soybean",2010,14863.6330278441,948.1776321903,"Crime",7.27063841496973,3634
246,"soybean",2010,14863.6330278441,948.1776321903,"Documentary",7.37231673368388,6466
246,"soybean",2010,14863.6330278441,948.1776321903,"Drama",7.09424686192469,13384
246,"soybean",2010,14863.6330278441,948.1776321903,"Family",7.23244301994302,2808
246,"soybean",2010,14863.6330278441,948.1776321903,"Fantasy",7.15646050214329,1633
246,"soybean",2010,14863.6330278441,948.1776321903,"History",7.3461752433936,1438
246,"soybean",2010,14863.6330278441,948.1776321903,"Horror",6.2010411502231,2017
246,"soybean",2010,14863.6330278441,948.1776321903,"Music",7.1245492371706,1442
246,"soybean",2010,14863.6330278441,948.1776321903,"Musical",6.88604651162791,258
246,"soybean",2010,14863.6330278441,948.1776321903,"Mystery",7.26526757607555,1906
246,"soybean",2010,14863.6330278441,948.1776321903,"Other",6.91695938529089,1822
246,"soybean",2010,14863.6330278441,948.1776321903,"Romance",6.86421261142291,3029
246,"soybean",2010,14863.6330278441,948.1776321903,"Sci-Fi",6.71268656716418,1072
246,"soybean",2010,14863.6330278441,948.1776321903,"Short",6.98585537328423,5974
246,"soybean",2010,14863.6330278441,948.1776321903,"Sport",7.19819915254237,944
246,"soybean",2010,14863.6330278441,948.1776321903,"Talk-Show",6.90959367945824,886
246,"soybean",2010,14863.6330278441,948.1776321903,"Thriller",6.39380764163373,1518
246,"soybean",2010,14863.6330278441,948.1776321903,"War",7.18229813664596,322
247,"soybean",2011,13764.9487845674,-1098.6842432767,"Action",7.1593557472276,5681
247,"soybean",2011,13764.9487845674,-1098.6842432767,"Adult",6.33112701252236,559
247,"soybean",2011,13764.9487845674,-1098.6842432767,"Adventure",7.40324647586502,4682
247,"soybean",2011,13764.9487845674,-1098.6842432767,"Animation",7.30114739629303,5665
247,"soybean",2011,13764.9487845674,-1098.6842432767,"Biography",7.26935779816514,1090
247,"soybean",2011,13764.9487845674,-1098.6842432767,"Comedy",7.12485145282403,15315
247,"soybean",2011,13764.9487845674,-1098.6842432767,"Crime",7.2869864640228,4211
247,"soybean",2011,13764.9487845674,-1098.6842432767,"Documentary",7.40298744407562,6929
247,"soybean",2011,13764.9487845674,-1098.6842432767,"Drama",7.13637967297646,14739
247,"soybean",2011,13764.9487845674,-1098.6842432767,"Family",7.27438131753224,2869
247,"soybean",2011,13764.9487845674,-1098.6842432767,"Fantasy",7.08159871244635,1864
247,"soybean",2011,13764.9487845674,-1098.6842432767,"History",7.25799863852961,1469
247,"soybean",2011,13764.9487845674,-1098.6842432767,"Horror",6.26214482126489,2182
247,"soybean",2011,13764.9487845674,-1098.6842432767,"Music",7.16367628607277,1594
247,"soybean",2011,13764.9487845674,-1098.6842432767,"Musical",7.09198606271777,287
247,"soybean",2011,13764.9487845674,-1098.6842432767,"Mystery",7.22013218098627,1967
247,"soybean",2011,13764.9487845674,-1098.6842432767,"Other",7.08853556485355,2390
247,"soybean",2011,13764.9487845674,-1098.6842432767,"Romance",6.95276785714286,3360
247,"soybean",2011,13764.9487845674,-1098.6842432767,"Sci-Fi",6.90042301184433,1182
247,"soybean",2011,13764.9487845674,-1098.6842432767,"Short",7.03160637189221,6717
247,"soybean",2011,13764.9487845674,-1098.6842432767,"Sport",7.16452004860267,823
247,"soybean",2011,13764.9487845674,-1098.6842432767,"Talk-Show",7.13511859219587,1307
247,"soybean",2011,13764.9487845674,-1098.6842432767,"Thriller",6.450207223209,1689
247,"soybean",2011,13764.9487845674,-1098.6842432767,"War",6.91093247588424,311
248,"soybean",2012,13232.7063030154,-532.242481551999,"Action",7.21018533978961,5989
248,"soybean",2012,13232.7063030154,-532.242481551999,"Adult",6.21360424028269,566
248,"soybean",2012,13232.7063030154,-532.242481551999,"Adventure",7.37523886968896,4919
248,"soybean",2012,13232.7063030154,-532.242481551999,"Animation",7.32172478793591,6366
248,"soybean",2012,13232.7063030154,-532.242481551999,"Biography",7.41923076923077,1326
248,"soybean",2012,13232.7063030154,-532.242481551999,"Comedy",7.17412162162162,16280
248,"soybean",2012,13232.7063030154,-532.242481551999,"Crime",7.35005478851633,4563
248,"soybean",2012,13232.7063030154,-532.242481551999,"Documentary",7.41403785488959,7608
248,"soybean",2012,13232.7063030154,-532.242481551999,"Drama",7.22948065485315,16309
248,"soybean",2012,13232.7063030154,-532.242481551999,"Family",7.12892561983471,3267
248,"soybean",2012,13232.7063030154,-532.242481551999,"Fantasy",7.19058441558442,2156
248,"soybean",2012,13232.7063030154,-532.242481551999,"History",7.33244296048971,1797
248,"soybean",2012,13232.7063030154,-532.242481551999,"Horror",6.28028052805281,2424
248,"soybean",2012,13232.7063030154,-532.242481551999,"Music",7.13871527777778,1728
248,"soybean",2012,13232.7063030154,-532.242481551999,"Musical",7.13556338028169,284
248,"soybean",2012,13232.7063030154,-532.242481551999,"Mystery",7.23717703349282,2090
248,"soybean",2012,13232.7063030154,-532.242481551999,"Other",6.96544276457883,2315
248,"soybean",2012,13232.7063030154,-532.242481551999,"Romance",7.16850767085077,3585
248,"soybean",2012,13232.7063030154,-532.242481551999,"Sci-Fi",6.79702380952381,1344
248,"soybean",2012,13232.7063030154,-532.242481551999,"Short",7.0574649859944,7140
248,"soybean",2012,13232.7063030154,-532.242481551999,"Sport",7.19867841409692,908
248,"soybean",2012,13232.7063030154,-532.242481551999,"Talk-Show",7.09758378799688,1283
248,"soybean",2012,13232.7063030154,-532.242481551999,"Thriller",6.73513243378311,2001
248,"soybean",2012,13232.7063030154,-532.242481551999,"War",6.92777777777778,288
249,"soybean",2013,13579.9636223689,347.257319353499,"Action",7.14479652065859,6438
249,"soybean",2013,13579.9636223689,347.257319353499,"Adult",6.20480620155039,645
249,"soybean",2013,13579.9636223689,347.257319353499,"Adventure",7.28737214059885,5377
249,"soybean",2013,13579.9636223689,347.257319353499,"Animation",7.32323093382241,6543
249,"soybean",2013,13579.9636223689,347.257319353499,"Biography",7.30433884297521,1452
249,"soybean",2013,13579.9636223689,347.257319353499,"Comedy",7.11669437188316,16844
249,"soybean",2013,13579.9636223689,347.257319353499,"Crime",7.33065507737969,4717
249,"soybean",2013,13579.9636223689,347.257319353499,"Documentary",7.35499486389317,7788
249,"soybean",2013,13579.9636223689,347.257319353499,"Drama",7.12301799838077,16057
249,"soybean",2013,13579.9636223689,347.257319353499,"Family",7.27478210342824,3442
249,"soybean",2013,13579.9636223689,347.257319353499,"Fantasy",7.12514677103718,2044
249,"soybean",2013,13579.9636223689,347.257319353499,"History",7.35289817232376,1915
249,"soybean",2013,13579.9636223689,347.257319353499,"Horror",6.20542168674699,2490
249,"soybean",2013,13579.9636223689,347.257319353499,"Music",7.12484700122399,1634
249,"soybean",2013,13579.9636223689,347.257319353499,"Musical",7.30505319148936,376
249,"soybean",2013,13579.9636223689,347.257319353499,"Mystery",7.17065737919025,2297
249,"soybean",2013,13579.9636223689,347.257319353499,"Other",7.01438906752412,2488
249,"soybean",2013,13579.9636223689,347.257319353499,"Romance",7.03161222339305,3796
249,"soybean",2013,13579.9636223689,347.257319353499,"Sci-Fi",6.885554866708,1613
249,"soybean",2013,13579.9636223689,347.257319353499,"Short",6.96948283231229,7019
249,"soybean",2013,13579.9636223689,347.257319353499,"Sport",7.32572145545797,797
249,"soybean",2013,13579.9636223689,347.257319353499,"Talk-Show",7.06296296296296,1377
249,"soybean",2013,13579.9636223689,347.257319353499,"Thriller",6.43405762871989,2117
249,"soybean",2013,13579.9636223689,347.257319353499,"War",7.05893854748603,358
250,"soybean",2014,13804.0111358166,224.0475134477,"Action",7.24194488992565,6859
250,"soybean",2014,13804.0111358166,224.0475134477,"Adult",6.13157076205288,643
250,"soybean",2014,13804.0111358166,224.0475134477,"Adventure",7.34681728527882,5577
250,"soybean",2014,13804.0111358166,224.0475134477,"Animation",7.2854564132668,6814
250,"soybean",2014,13804.0111358166,224.0475134477,"Biography",7.29029850746269,1608
250,"soybean",2014,13804.0111358166,224.0475134477,"Comedy",7.15222017939718,17949
250,"soybean",2014,13804.0111358166,224.0475134477,"Crime",7.36831924882629,5325
250,"soybean",2014,13804.0111358166,224.0475134477,"Documentary",7.38915503129514,8308
250,"soybean",2014,13804.0111358166,224.0475134477,"Drama",7.20394838556223,16817
250,"soybean",2014,13804.0111358166,224.0475134477,"Family",7.14020085209982,3286
250,"soybean",2014,13804.0111358166,224.0475134477,"Fantasy",7.16822388717497,2269
250,"soybean",2014,13804.0111358166,224.0475134477,"History",7.52755102040816,2254
250,"soybean",2014,13804.0111358166,224.0475134477,"Horror",6.17492354740061,2616
250,"soybean",2014,13804.0111358166,224.0475134477,"Music",7.20129259694477,1702
250,"soybean",2014,13804.0111358166,224.0475134477,"Musical",7.08025078369906,319
250,"soybean",2014,13804.0111358166,224.0475134477,"Mystery",7.19429037520392,2452
250,"soybean",2014,13804.0111358166,224.0475134477,"Other",7.12524822695035,2820
250,"soybean",2014,13804.0111358166,224.0475134477,"Romance",7.11639458955224,4288
250,"soybean",2014,13804.0111358166,224.0475134477,"Sci-Fi",6.95948372615039,1782
250,"soybean",2014,13804.0111358166,224.0475134477,"Short",7.05667289182589,6961
250,"soybean",2014,13804.0111358166,224.0475134477,"Sport",7.24090909090909,946
250,"soybean",2014,13804.0111358166,224.0475134477,"Talk-Show",6.97519337016575,1810
250,"soybean",2014,13804.0111358166,224.0475134477,"Thriller",6.45830748781568,2257
250,"soybean",2014,13804.0111358166,224.0475134477,"War",7.6472049689441,644
251,"soybean",2015,12352.7454916537,-1451.2656441629,"Action",7.13364589078875,7252
251,"soybean",2015,12352.7454916537,-1451.2656441629,"Adult",6.31841620626151,543
251,"soybean",2015,12352.7454916537,-1451.2656441629,"Adventure",7.24597775270031,6203
251,"soybean",2015,12352.7454916537,-1451.2656441629,"Animation",7.34520665901263,6968
251,"soybean",2015,12352.7454916537,-1451.2656441629,"Biography",7.25283687943262,1692
251,"soybean",2015,12352.7454916537,-1451.2656441629,"Comedy",7.10937313432836,18425
251,"soybean",2015,12352.7454916537,-1451.2656441629,"Crime",7.36181246726035,5727
251,"soybean",2015,12352.7454916537,-1451.2656441629,"Documentary",7.27831069108092,8465
251,"soybean",2015,12352.7454916537,-1451.2656441629,"Drama",7.18420184321311,17578
251,"soybean",2015,12352.7454916537,-1451.2656441629,"Family",7.16811286407767,3296
251,"soybean",2015,12352.7454916537,-1451.2656441629,"Fantasy",7.26320754716981,2544
251,"soybean",2015,12352.7454916537,-1451.2656441629,"History",7.37447432762836,2045
251,"soybean",2015,12352.7454916537,-1451.2656441629,"Horror",6.17671794871795,2925
251,"soybean",2015,12352.7454916537,-1451.2656441629,"Music",7.10292807129217,1571
251,"soybean",2015,12352.7454916537,-1451.2656441629,"Musical",7.01289398280802,349
251,"soybean",2015,12352.7454916537,-1451.2656441629,"Mystery",7.15569230769231,2600
251,"soybean",2015,12352.7454916537,-1451.2656441629,"Other",7.03975862068965,2900
251,"soybean",2015,12352.7454916537,-1451.2656441629,"Romance",7.10870503597122,4170
251,"soybean",2015,12352.7454916537,-1451.2656441629,"Sci-Fi",6.85981912144703,1548
251,"soybean",2015,12352.7454916537,-1451.2656441629,"Short",7.03921810699589,7290
251,"soybean",2015,12352.7454916537,-1451.2656441629,"Sport",7.29567567567568,925
251,"soybean",2015,12352.7454916537,-1451.2656441629,"Talk-Show",6.87754090233019,2017
251,"soybean",2015,12352.7454916537,-1451.2656441629,"Thriller",6.50216503267974,2448
251,"soybean",2015,12352.7454916537,-1451.2656441629,"War",7.31216545012165,411
252,"soybean",2016,14502.6601845399,2149.9146928862,"Action",7.21536398981097,7459
252,"soybean",2016,14502.6601845399,2149.9146928862,"Adult",6.73098039215686,510
252,"soybean",2016,14502.6601845399,2149.9146928862,"Adventure",7.34394400486914,6572
252,"soybean",2016,14502.6601845399,2149.9146928862,"Animation",7.32618337440021,7711
252,"soybean",2016,14502.6601845399,2149.9146928862,"Biography",7.3350443599493,1578
252,"soybean",2016,14502.6601845399,2149.9146928862,"Comedy",7.14320900060815,19732
252,"soybean",2016,14502.6601845399,2149.9146928862,"Crime",7.3630594629156,6256
252,"soybean",2016,14502.6601845399,2149.9146928862,"Documentary",7.33872743284897,9084
252,"soybean",2016,14502.6601845399,2149.9146928862,"Drama",7.24628003575372,19019
252,"soybean",2016,14502.6601845399,2149.9146928862,"Family",7.19309242085066,3127
252,"soybean",2016,14502.6601845399,2149.9146928862,"Fantasy",7.26647123488457,2729
252,"soybean",2016,14502.6601845399,2149.9146928862,"History",7.49922161172161,2184
252,"soybean",2016,14502.6601845399,2149.9146928862,"Horror",6.12345337026777,3249
252,"soybean",2016,14502.6601845399,2149.9146928862,"Music",7.22904516866781,1749
252,"soybean",2016,14502.6601845399,2149.9146928862,"Musical",7.17602739726027,438
252,"soybean",2016,14502.6601845399,2149.9146928862,"Mystery",7.13700374531835,2670
252,"soybean",2016,14502.6601845399,2149.9146928862,"Other",7.06020976728941,3051
252,"soybean",2016,14502.6601845399,2149.9146928862,"Romance",7.18654359430605,4496
252,"soybean",2016,14502.6601845399,2149.9146928862,"Sci-Fi",6.8805023923445,1672
252,"soybean",2016,14502.6601845399,2149.9146928862,"Short",7.11547174358356,8299
252,"soybean",2016,14502.6601845399,2149.9146928862,"Sport",7.19232673267327,1212
252,"soybean",2016,14502.6601845399,2149.9146928862,"Talk-Show",6.81327294210319,2539
252,"soybean",2016,14502.6601845399,2149.9146928862,"Thriller",6.40405819295559,2612
252,"soybean",2016,14502.6601845399,2149.9146928862,"War",7.46635294117647,425
255,"wheat",1983,40781.1206793208,2284.1532645719,"Action",6.72319391634981,1315
255,"wheat",1983,40781.1206793208,2284.1532645719,"Adult",5.69228295819936,311
255,"wheat",1983,40781.1206793208,2284.1532645719,"Adventure",6.84428672817601,1409
255,"wheat",1983,40781.1206793208,2284.1532645719,"Animation",6.9119512195122,1230
255,"wheat",1983,40781.1206793208,2284.1532645719,"Biography",7.19507042253521,142
255,"wheat",1983,40781.1206793208,2284.1532645719,"Comedy",6.8160472972973,2368
255,"wheat",1983,40781.1206793208,2284.1532645719,"Crime",6.99142185663925,851
255,"wheat",1983,40781.1206793208,2284.1532645719,"Documentary",7.24748490945674,497
255,"wheat",1983,40781.1206793208,2284.1532645719,"Drama",6.83731836195509,3028
255,"wheat",1983,40781.1206793208,2284.1532645719,"Family",6.99075025693731,973
255,"wheat",1983,40781.1206793208,2284.1532645719,"Fantasy",6.62304832713755,269
255,"wheat",1983,40781.1206793208,2284.1532645719,"History",7.32268041237113,194
255,"wheat",1983,40781.1206793208,2284.1532645719,"Horror",5.675,208
255,"wheat",1983,40781.1206793208,2284.1532645719,"Music",6.97774294670846,319
255,"wheat",1983,40781.1206793208,2284.1532645719,"Musical",6.44655172413793,116
255,"wheat",1983,40781.1206793208,2284.1532645719,"Mystery",6.84221453287197,289
255,"wheat",1983,40781.1206793208,2284.1532645719,"Other",6.83473684210527,95
255,"wheat",1983,40781.1206793208,2284.1532645719,"Romance",6.75363489499192,619
255,"wheat",1983,40781.1206793208,2284.1532645719,"Sci-Fi",6.13406593406593,182
255,"wheat",1983,40781.1206793208,2284.1532645719,"Short",6.41658291457286,398
255,"wheat",1983,40781.1206793208,2284.1532645719,"Sport",6.51884057971014,69
255,"wheat",1983,40781.1206793208,2284.1532645719,"Talk-Show",7.43614457831325,83
255,"wheat",1983,40781.1206793208,2284.1532645719,"Thriller",6.0073732718894,217
255,"wheat",1983,40781.1206793208,2284.1532645719,"War",6.95534591194969,159
256,"wheat",1984,42175.9428135492,1394.8221342284,"Action",6.625,1240
256,"wheat",1984,42175.9428135492,1394.8221342284,"Adult",5.73542168674699,415
256,"wheat",1984,42175.9428135492,1394.8221342284,"Adventure",6.71043239533288,1457
256,"wheat",1984,42175.9428135492,1394.8221342284,"Animation",6.68136117556071,1293
256,"wheat",1984,42175.9428135492,1394.8221342284,"Biography",7.0965811965812,117
256,"wheat",1984,42175.9428135492,1394.8221342284,"Comedy",6.78380097268986,2673
256,"wheat",1984,42175.9428135492,1394.8221342284,"Crime",7.0567940552017,942
256,"wheat",1984,42175.9428135492,1394.8221342284,"Documentary",7.17251732101617,433
256,"wheat",1984,42175.9428135492,1394.8221342284,"Drama",6.84439083232811,3316
256,"wheat",1984,42175.9428135492,1394.8221342284,"Family",7.06043388429752,968
256,"wheat",1984,42175.9428135492,1394.8221342284,"Fantasy",6.73309090909091,275
256,"wheat",1984,42175.9428135492,1394.8221342284,"History",7.40174672489083,229
256,"wheat",1984,42175.9428135492,1394.8221342284,"Horror",5.73938053097345,226
256,"wheat",1984,42175.9428135492,1394.8221342284,"Music",7.0469696969697,330
256,"wheat",1984,42175.9428135492,1394.8221342284,"Musical",6.58225806451613,124
256,"wheat",1984,42175.9428135492,1394.8221342284,"Mystery",6.96132404181185,287
256,"wheat",1984,42175.9428135492,1394.8221342284,"Other",7.086,100
256,"wheat",1984,42175.9428135492,1394.8221342284,"Romance",6.7110119047619,672
256,"wheat",1984,42175.9428135492,1394.8221342284,"Sci-Fi",6.20175438596491,228
256,"wheat",1984,42175.9428135492,1394.8221342284,"Short",6.56414141414141,396
256,"wheat",1984,42175.9428135492,1394.8221342284,"Sport",6.46181818181818,110
256,"wheat",1984,42175.9428135492,1394.8221342284,"Talk-Show",7.53382352941177,68
256,"wheat",1984,42175.9428135492,1394.8221342284,"Thriller",5.98177966101695,236
256,"wheat",1984,42175.9428135492,1394.8221342284,"War",6.84803149606299,127
257,"wheat",1985,41621.3212461565,-554.6215673927,"Action",6.7241550695825,2012
257,"wheat",1985,41621.3212461565,-554.6215673927,"Adult",6.00251798561151,556
257,"wheat",1985,41621.3212461565,-554.6215673927,"Adventure",6.8415626695605,1843
257,"wheat",1985,41621.3212461565,-554.6215673927,"Animation",6.95957224830464,1917
257,"wheat",1985,41621.3212461565,-554.6215673927,"Biography",6.88173076923077,104
257,"wheat",1985,41621.3212461565,-554.6215673927,"Comedy",6.82630780894617,2638
257,"wheat",1985,41621.3212461565,-554.6215673927,"Crime",6.92310821806347,1229
257,"wheat",1985,41621.3212461565,-554.6215673927,"Documentary",7.22767676767677,495
257,"wheat",1985,41621.3212461565,-554.6215673927,"Drama",6.89484536082474,3589
257,"wheat",1985,41621.3212461565,-554.6215673927,"Family",7.24643527204503,1066
257,"wheat",1985,41621.3212461565,-554.6215673927,"Fantasy",6.78821917808219,365
257,"wheat",1985,41621.3212461565,-554.6215673927,"History",7.40054347826087,184
257,"wheat",1985,41621.3212461565,-554.6215673927,"Horror",5.4780701754386,228
257,"wheat",1985,41621.3212461565,-554.6215673927,"Music",7.28409090909091,352
257,"wheat",1985,41621.3212461565,-554.6215673927,"Musical",6.38849557522124,113
257,"wheat",1985,41621.3212461565,-554.6215673927,"Mystery",7.07004950495049,404
257,"wheat",1985,41621.3212461565,-554.6215673927,"Other",7.07261904761905,84
257,"wheat",1985,41621.3212461565,-554.6215673927,"Romance",6.74799025578563,821
257,"wheat",1985,41621.3212461565,-554.6215673927,"Sci-Fi",6.42783882783883,273
257,"wheat",1985,41621.3212461565,-554.6215673927,"Short",6.38545454545455,440
257,"wheat",1985,41621.3212461565,-554.6215673927,"Sport",6.15925925925926,108
257,"wheat",1985,41621.3212461565,-554.6215673927,"Talk-Show",7.21428571428571,84
257,"wheat",1985,41621.3212461565,-554.6215673927,"Thriller",6.03032786885246,244
257,"wheat",1985,41621.3212461565,-554.6215673927,"War",6.71301369863014,146
258,"wheat",1986,41156.2085226364,-465.112723520098,"Action",6.86908442330559,1682
258,"wheat",1986,41156.2085226364,-465.112723520098,"Adult",5.97558139534884,516
258,"wheat",1986,41156.2085226364,-465.112723520098,"Adventure",6.95258413461538,1664
258,"wheat",1986,41156.2085226364,-465.112723520098,"Animation",7.05661467359908,1731
258,"wheat",1986,41156.2085226364,-465.112723520098,"Biography",7.04265734265734,143
258,"wheat",1986,41156.2085226364,-465.112723520098,"Comedy",6.86066291432145,3198
258,"wheat",1986,41156.2085226364,-465.112723520098,"Crime",6.88852188274154,1211
258,"wheat",1986,41156.2085226364,-465.112723520098,"Documentary",7.21708428246014,439
258,"wheat",1986,41156.2085226364,-465.112723520098,"Drama",6.86050972869279,3649
258,"wheat",1986,41156.2085226364,-465.112723520098,"Family",7.09429477020602,1262
258,"wheat",1986,41156.2085226364,-465.112723520098,"Fantasy",6.74244791666667,384
258,"wheat",1986,41156.2085226364,-465.112723520098,"History",7.22477064220184,109
258,"wheat",1986,41156.2085226364,-465.112723520098,"Horror",5.60431654676259,278
258,"wheat",1986,41156.2085226364,-465.112723520098,"Music",6.88646864686469,303
258,"wheat",1986,41156.2085226364,-465.112723520098,"Musical",6.78561151079137,139
258,"wheat",1986,41156.2085226364,-465.112723520098,"Mystery",7.1,329
258,"wheat",1986,41156.2085226364,-465.112723520098,"Other",6.38133333333333,75
258,"wheat",1986,41156.2085226364,-465.112723520098,"Romance",6.6387969924812,665
258,"wheat",1986,41156.2085226364,-465.112723520098,"Sci-Fi",6.46024096385542,249
258,"wheat",1986,41156.2085226364,-465.112723520098,"Short",6.54436781609195,435
258,"wheat",1986,41156.2085226364,-465.112723520098,"Sport",6.15967741935484,124
258,"wheat",1986,41156.2085226364,-465.112723520098,"Talk-Show",7.56818181818182,66
258,"wheat",1986,41156.2085226364,-465.112723520098,"Thriller",5.87671755725191,262
258,"wheat",1986,41156.2085226364,-465.112723520098,"War",6.4368932038835,103
259,"wheat",1987,41685.4139061812,529.205383544802,"Action",6.61731946144431,1634
259,"wheat",1987,41685.4139061812,529.205383544802,"Adult",5.9877358490566,424
259,"wheat",1987,41685.4139061812,529.205383544802,"Adventure",6.93403068340307,1434
259,"wheat",1987,41685.4139061812,529.205383544802,"Animation",7.10102105934907,1567
259,"wheat",1987,41685.4139061812,529.205383544802,"Biography",7.15826771653543,127
259,"wheat",1987,41685.4139061812,529.205383544802,"Comedy",6.87992125984252,3302
259,"wheat",1987,41685.4139061812,529.205383544802,"Crime",6.9263109475621,1087
259,"wheat",1987,41685.4139061812,529.205383544802,"Documentary",7.40018450184502,542
259,"wheat",1987,41685.4139061812,529.205383544802,"Drama",6.90586473671076,4007
259,"wheat",1987,41685.4139061812,529.205383544802,"Family",7.2551328068916,1393
259,"wheat",1987,41685.4139061812,529.205383544802,"Fantasy",6.5676844783715,393
259,"wheat",1987,41685.4139061812,529.205383544802,"History",7.2379679144385,187
259,"wheat",1987,41685.4139061812,529.205383544802,"Horror",5.61568123393316,389
259,"wheat",1987,41685.4139061812,529.205383544802,"Music",7.25296167247387,287
259,"wheat",1987,41685.4139061812,529.205383544802,"Musical",6.61875,112
259,"wheat",1987,41685.4139061812,529.205383544802,"Mystery",7.12184684684685,444
259,"wheat",1987,41685.4139061812,529.205383544802,"Other",6.56206896551724,87
259,"wheat",1987,41685.4139061812,529.205383544802,"Romance",6.96394176931691,893
259,"wheat",1987,41685.4139061812,529.205383544802,"Sci-Fi",6.31274509803922,306
259,"wheat",1987,41685.4139061812,529.205383544802,"Short",6.54635627530364,494
259,"wheat",1987,41685.4139061812,529.205383544802,"Sport",6.15645161290323,124
259,"wheat",1987,41685.4139061812,529.205383544802,"Talk-Show",7.27741935483871,93
259,"wheat",1987,41685.4139061812,529.205383544802,"Thriller",5.91350482315113,311
259,"wheat",1987,41685.4139061812,529.205383544802,"War",6.9525,160
260,"wheat",1988,40975.5531055788,-709.8608006024,"Action",6.45193798449612,1419
260,"wheat",1988,40975.5531055788,-709.8608006024,"Adult",6.05983827493261,371
260,"wheat",1988,40975.5531055788,-709.8608006024,"Adventure",6.89118165784832,1134
260,"wheat",1988,40975.5531055788,-709.8608006024,"Animation",6.96361538461538,1300
260,"wheat",1988,40975.5531055788,-709.8608006024,"Biography",7.12112676056338,142
260,"wheat",1988,40975.5531055788,-709.8608006024,"Comedy",6.82293781725888,3152
260,"wheat",1988,40975.5531055788,-709.8608006024,"Crime",6.83842105263158,1140
260,"wheat",1988,40975.5531055788,-709.8608006024,"Documentary",7.04599659284497,587
260,"wheat",1988,40975.5531055788,-709.8608006024,"Drama",6.908,3775
260,"wheat",1988,40975.5531055788,-709.8608006024,"Family",7.26961038961039,1155
260,"wheat",1988,40975.5531055788,-709.8608006024,"Fantasy",6.65574837310195,461
260,"wheat",1988,40975.5531055788,-709.8608006024,"History",7.57107438016529,242
260,"wheat",1988,40975.5531055788,-709.8608006024,"Horror",5.63943965517241,464
260,"wheat",1988,40975.5531055788,-709.8608006024,"Music",7.1522491349481,289
260,"wheat",1988,40975.5531055788,-709.8608006024,"Musical",6.38709677419355,93
260,"wheat",1988,40975.5531055788,-709.8608006024,"Mystery",6.95885947046843,491
260,"wheat",1988,40975.5531055788,-709.8608006024,"Other",6.60344827586207,116
260,"wheat",1988,40975.5531055788,-709.8608006024,"Romance",6.88479467258602,901
260,"wheat",1988,40975.5531055788,-709.8608006024,"Sci-Fi",6.28429487179487,312
260,"wheat",1988,40975.5531055788,-709.8608006024,"Short",6.60202839756592,493
260,"wheat",1988,40975.5531055788,-709.8608006024,"Sport",6.43790322580645,124
260,"wheat",1988,40975.5531055788,-709.8608006024,"Talk-Show",7.5,70
260,"wheat",1988,40975.5531055788,-709.8608006024,"Thriller",6.07379679144385,374
260,"wheat",1988,40975.5531055788,-709.8608006024,"War",6.8719806763285,207
261,"wheat",1989,41157.674199719,182.121094140195,"Action",6.55250596658711,1676
261,"wheat",1989,41157.674199719,182.121094140195,"Adult",6.20606796116505,412
261,"wheat",1989,41157.674199719,182.121094140195,"Adventure",6.82483847810481,1393
261,"wheat",1989,41157.674199719,182.121094140195,"Animation",6.91186943620178,1348
261,"wheat",1989,41157.674199719,182.121094140195,"Biography",6.89714285714286,140
261,"wheat",1989,41157.674199719,182.121094140195,"Comedy",6.89529078014184,3525
261,"wheat",1989,41157.674199719,182.121094140195,"Crime",6.81637658227848,1264
261,"wheat",1989,41157.674199719,182.121094140195,"Documentary",7.08524332810047,637
261,"wheat",1989,41157.674199719,182.121094140195,"Drama",6.90429813664596,4025
261,"wheat",1989,41157.674199719,182.121094140195,"Family",7.23338607594937,1264
261,"wheat",1989,41157.674199719,182.121094140195,"Fantasy",6.59295499021526,511
261,"wheat",1989,41157.674199719,182.121094140195,"History",7.19222614840989,283
261,"wheat",1989,41157.674199719,182.121094140195,"Horror",5.60994263862333,523
261,"wheat",1989,41157.674199719,182.121094140195,"Music",7.23170731707317,287
261,"wheat",1989,41157.674199719,182.121094140195,"Musical",6.57037037037037,81
261,"wheat",1989,41157.674199719,182.121094140195,"Mystery",7.02310286677909,593
261,"wheat",1989,41157.674199719,182.121094140195,"Other",6.84444444444445,180
261,"wheat",1989,41157.674199719,182.121094140195,"Romance",6.73271832718327,813
261,"wheat",1989,41157.674199719,182.121094140195,"Sci-Fi",6.17577639751553,322
261,"wheat",1989,41157.674199719,182.121094140195,"Short",6.54214559386973,522
261,"wheat",1989,41157.674199719,182.121094140195,"Sport",6.71888888888889,180
261,"wheat",1989,41157.674199719,182.121094140195,"Talk-Show",7.26829268292683,82
261,"wheat",1989,41157.674199719,182.121094140195,"Thriller",5.83809523809524,399
261,"wheat",1989,41157.674199719,182.121094140195,"War",7.09409090909091,220
262,"wheat",1990,41985.616021865,827.941822146,"Action",6.38689288090486,1503
262,"wheat",1990,41985.616021865,827.941822146,"Adult",6.19133663366337,404
262,"wheat",1990,41985.616021865,827.941822146,"Adventure",7.05024734982332,1415
262,"wheat",1990,41985.616021865,827.941822146,"Animation",6.99199706314244,1362
262,"wheat",1990,41985.616021865,827.941822146,"Biography",6.839375,160
262,"wheat",1990,41985.616021865,827.941822146,"Comedy",6.97618410489698,3737
262,"wheat",1990,41985.616021865,827.941822146,"Crime",6.70660237388724,1348
262,"wheat",1990,41985.616021865,827.941822146,"Documentary",7.02060857538036,723
262,"wheat",1990,41985.616021865,827.941822146,"Drama",6.8402478314746,4035
262,"wheat",1990,41985.616021865,827.941822146,"Family",7.09252640129976,1231
262,"wheat",1990,41985.616021865,827.941822146,"Fantasy",6.43852813852814,462
262,"wheat",1990,41985.616021865,827.941822146,"History",7.21747967479675,246
262,"wheat",1990,41985.616021865,827.941822146,"Horror",5.55341176470588,425
262,"wheat",1990,41985.616021865,827.941822146,"Music",7.24985835694051,353
262,"wheat",1990,41985.616021865,827.941822146,"Musical",7.09649122807018,114
262,"wheat",1990,41985.616021865,827.941822146,"Mystery",7.0950184501845,542
262,"wheat",1990,41985.616021865,827.941822146,"Other",6.67209302325581,172
262,"wheat",1990,41985.616021865,827.941822146,"Romance",6.52310513447433,818
262,"wheat",1990,41985.616021865,827.941822146,"Sci-Fi",6.0978102189781,274
262,"wheat",1990,41985.616021865,827.941822146,"Short",6.3631970260223,538
262,"wheat",1990,41985.616021865,827.941822146,"Sport",6.83640552995392,217
262,"wheat",1990,41985.616021865,827.941822146,"Talk-Show",6.99878048780488,82
262,"wheat",1990,41985.616021865,827.941822146,"Thriller",5.74959128065395,367
262,"wheat",1990,41985.616021865,827.941822146,"War",7.23028571428571,175
263,"wheat",1991,39926.507303251,-2059.108718614,"Action",6.53292533659731,1634
263,"wheat",1991,39926.507303251,-2059.108718614,"Adult",6.18719806763285,414
263,"wheat",1991,39926.507303251,-2059.108718614,"Adventure",7.08911651728553,1562
263,"wheat",1991,39926.507303251,-2059.108718614,"Animation",7.1132848645076,1513
263,"wheat",1991,39926.507303251,-2059.108718614,"Biography",6.91818181818182,143
263,"wheat",1991,39926.507303251,-2059.108718614,"Comedy",7.00351145038168,3930
263,"wheat",1991,39926.507303251,-2059.108718614,"Crime",6.81718131433096,1263
263,"wheat",1991,39926.507303251,-2059.108718614,"Documentary",7.17095541401274,785
263,"wheat",1991,39926.507303251,-2059.108718614,"Drama",6.90377262299261,3923
263,"wheat",1991,39926.507303251,-2059.108718614,"Family",7.19041353383459,1064
263,"wheat",1991,39926.507303251,-2059.108718614,"Fantasy",6.58095238095238,483
263,"wheat",1991,39926.507303251,-2059.108718614,"History",7.48286713286713,286
263,"wheat",1991,39926.507303251,-2059.108718614,"Horror",5.6,354
263,"wheat",1991,39926.507303251,-2059.108718614,"Music",7.27204819277108,415
263,"wheat",1991,39926.507303251,-2059.108718614,"Musical",6.82680412371134,97
263,"wheat",1991,39926.507303251,-2059.108718614,"Mystery",7.02337917485265,509
263,"wheat",1991,39926.507303251,-2059.108718614,"Other",7.04615384615385,169
263,"wheat",1991,39926.507303251,-2059.108718614,"Romance",6.62362971985384,821
263,"wheat",1991,39926.507303251,-2059.108718614,"Sci-Fi",6.24147286821705,258
263,"wheat",1991,39926.507303251,-2059.108718614,"Short",6.74388984509466,581
263,"wheat",1991,39926.507303251,-2059.108718614,"Sport",6.7565,200
263,"wheat",1991,39926.507303251,-2059.108718614,"Talk-Show",6.8394495412844,109
263,"wheat",1991,39926.507303251,-2059.108718614,"Thriller",5.74,350
263,"wheat",1991,39926.507303251,-2059.108718614,"War",6.89333333333333,120
264,"wheat",1992,43091.6090365117,3165.1017332607,"Action",6.53590425531915,1504
264,"wheat",1992,43091.6090365117,3165.1017332607,"Adult",6.29188118811881,505
264,"wheat",1992,43091.6090365117,3165.1017332607,"Adventure",7.08560606060606,1584
264,"wheat",1992,43091.6090365117,3165.1017332607,"Animation",7.11291696238467,1409
264,"wheat",1992,43091.6090365117,3165.1017332607,"Biography",6.97153284671533,137
264,"wheat",1992,43091.6090365117,3165.1017332607,"Comedy",7.02885043263288,4045
264,"wheat",1992,43091.6090365117,3165.1017332607,"Crime",6.83067577828398,1317
264,"wheat",1992,43091.6090365117,3165.1017332607,"Documentary",7.12360616844603,843
264,"wheat",1992,43091.6090365117,3165.1017332607,"Drama",6.85292450399382,3881
264,"wheat",1992,43091.6090365117,3165.1017332607,"Family",7.06808873720137,1172
264,"wheat",1992,43091.6090365117,3165.1017332607,"Fantasy",6.7445871559633,545
264,"wheat",1992,43091.6090365117,3165.1017332607,"History",7.25016611295681,301
264,"wheat",1992,43091.6090365117,3165.1017332607,"Horror",5.64587912087912,364
264,"wheat",1992,43091.6090365117,3165.1017332607,"Music",7.24915254237288,413
264,"wheat",1992,43091.6090365117,3165.1017332607,"Musical",6.75540540540541,74
264,"wheat",1992,43091.6090365117,3165.1017332607,"Mystery",7.06137931034483,435
264,"wheat",1992,43091.6090365117,3165.1017332607,"Other",6.73473053892215,167
264,"wheat",1992,43091.6090365117,3165.1017332607,"Romance",6.53239740820734,926
264,"wheat",1992,43091.6090365117,3165.1017332607,"Sci-Fi",6.36489361702128,282
264,"wheat",1992,43091.6090365117,3165.1017332607,"Short",6.59237012987013,616
264,"wheat",1992,43091.6090365117,3165.1017332607,"Sport",6.76623376623377,231
264,"wheat",1992,43091.6090365117,3165.1017332607,"Talk-Show",6.24444444444444,99
264,"wheat",1992,43091.6090365117,3165.1017332607,"Thriller",5.6976253298153,379
264,"wheat",1992,43091.6090365117,3165.1017332607,"War",7.02991452991453,117
265,"wheat",1993,40889.0502973674,-2202.5587391443,"Action",6.76009538950715,1887
265,"wheat",1993,40889.0502973674,-2202.5587391443,"Adult",6.30644599303136,574
265,"wheat",1993,40889.0502973674,-2202.5587391443,"Adventure",7.18787706317587,1757
265,"wheat",1993,40889.0502973674,-2202.5587391443,"Animation",7.29629147690306,1537
265,"wheat",1993,40889.0502973674,-2202.5587391443,"Biography",7.10245098039216,204
265,"wheat",1993,40889.0502973674,-2202.5587391443,"Comedy",7.06883243771373,4094
265,"wheat",1993,40889.0502973674,-2202.5587391443,"Crime",6.95122273628553,1513
265,"wheat",1993,40889.0502973674,-2202.5587391443,"Documentary",7.16536748329621,898
265,"wheat",1993,40889.0502973674,-2202.5587391443,"Drama",6.93531376759723,4191
265,"wheat",1993,40889.0502973674,-2202.5587391443,"Family",7.15480620155039,1290
265,"wheat",1993,40889.0502973674,-2202.5587391443,"Fantasy",6.81482213438735,506
265,"wheat",1993,40889.0502973674,-2202.5587391443,"History",7.19651162790698,172
265,"wheat",1993,40889.0502973674,-2202.5587391443,"Horror",5.72547770700637,314
265,"wheat",1993,40889.0502973674,-2202.5587391443,"Music",7.29744680851064,470
265,"wheat",1993,40889.0502973674,-2202.5587391443,"Musical",6.5641975308642,81
265,"wheat",1993,40889.0502973674,-2202.5587391443,"Mystery",7.27781456953642,604
265,"wheat",1993,40889.0502973674,-2202.5587391443,"Other",6.65635593220339,236
265,"wheat",1993,40889.0502973674,-2202.5587391443,"Romance",6.62842696629213,890
265,"wheat",1993,40889.0502973674,-2202.5587391443,"Sci-Fi",6.3420245398773,326
265,"wheat",1993,40889.0502973674,-2202.5587391443,"Short",6.56772793053546,691
265,"wheat",1993,40889.0502973674,-2202.5587391443,"Sport",6.4487012987013,308
265,"wheat",1993,40889.0502973674,-2202.5587391443,"Talk-Show",6.20246913580247,81
265,"wheat",1993,40889.0502973674,-2202.5587391443,"Thriller",5.65288220551378,399
265,"wheat",1993,40889.0502973674,-2202.5587391443,"War",6.50574712643678,87
266,"wheat",1994,43578.7720489036,2689.7217515362,"Action",6.75739206279983,2293
266,"wheat",1994,43578.7720489036,2689.7217515362,"Adult",6.3875,616
266,"wheat",1994,43578.7720489036,2689.7217515362,"Adventure",7.15920930232558,2150
266,"wheat",1994,43578.7720489036,2689.7217515362,"Animation",7.31953955135773,1694
266,"wheat",1994,43578.7720489036,2689.7217515362,"Biography",6.86268656716418,201
266,"wheat",1994,43578.7720489036,2689.7217515362,"Comedy",7.06714453584019,4255
266,"wheat",1994,43578.7720489036,2689.7217515362,"Crime",6.9934396076027,1631
266,"wheat",1994,43578.7720489036,2689.7217515362,"Documentary",7.18310749774164,1107
266,"wheat",1994,43578.7720489036,2689.7217515362,"Drama",6.90936872629935,4483
266,"wheat",1994,43578.7720489036,2689.7217515362,"Family",7.15595588235294,1360
266,"wheat",1994,43578.7720489036,2689.7217515362,"Fantasy",6.80910683012259,571
266,"wheat",1994,43578.7720489036,2689.7217515362,"History",7.36028037383178,214
266,"wheat",1994,43578.7720489036,2689.7217515362,"Horror",5.73046357615894,302
266,"wheat",1994,43578.7720489036,2689.7217515362,"Music",7.34447058823529,425
266,"wheat",1994,43578.7720489036,2689.7217515362,"Musical",7.20967741935484,93
266,"wheat",1994,43578.7720489036,2689.7217515362,"Mystery",7.09176829268293,656
266,"wheat",1994,43578.7720489036,2689.7217515362,"Other",6.91892744479495,317
266,"wheat",1994,43578.7720489036,2689.7217515362,"Romance",6.73022312373225,986
266,"wheat",1994,43578.7720489036,2689.7217515362,"Sci-Fi",6.31967213114754,366
266,"wheat",1994,43578.7720489036,2689.7217515362,"Short",6.60054794520548,730
266,"wheat",1994,43578.7720489036,2689.7217515362,"Sport",6.71163522012579,318
266,"wheat",1994,43578.7720489036,2689.7217515362,"Talk-Show",6.38,115
266,"wheat",1994,43578.7720489036,2689.7217515362,"Thriller",5.76780821917808,438
266,"wheat",1994,43578.7720489036,2689.7217515362,"War",7.11775700934579,107
267,"wheat",1995,39798.1799147762,-3780.5921341274,"Action",6.90427176566314,2458
267,"wheat",1995,39798.1799147762,-3780.5921341274,"Adult",6.39351988217968,679
267,"wheat",1995,39798.1799147762,-3780.5921341274,"Adventure",7.32454702329594,2318
267,"wheat",1995,39798.1799147762,-3780.5921341274,"Animation",7.43774062816616,1974
267,"wheat",1995,39798.1799147762,-3780.5921341274,"Biography",6.89806451612903,310
267,"wheat",1995,39798.1799147762,-3780.5921341274,"Comedy",7.10939471839215,4279
267,"wheat",1995,39798.1799147762,-3780.5921341274,"Crime",7.03913305237809,1661
267,"wheat",1995,39798.1799147762,-3780.5921341274,"Documentary",7.14599504541701,1211
267,"wheat",1995,39798.1799147762,-3780.5921341274,"Drama",6.96751907609816,4849
267,"wheat",1995,39798.1799147762,-3780.5921341274,"Family",7.11898016997167,1412
267,"wheat",1995,39798.1799147762,-3780.5921341274,"Fantasy",7.00179856115108,556
267,"wheat",1995,39798.1799147762,-3780.5921341274,"History",7.42961956521739,368
267,"wheat",1995,39798.1799147762,-3780.5921341274,"Horror",5.6267029972752,367
267,"wheat",1995,39798.1799147762,-3780.5921341274,"Music",7.43630705394191,482
267,"wheat",1995,39798.1799147762,-3780.5921341274,"Musical",6.75365853658537,82
267,"wheat",1995,39798.1799147762,-3780.5921341274,"Mystery",7.11926229508197,732
267,"wheat",1995,39798.1799147762,-3780.5921341274,"Other",7.15225806451613,310
267,"wheat",1995,39798.1799147762,-3780.5921341274,"Romance",6.80464216634429,1034
267,"wheat",1995,39798.1799147762,-3780.5921341274,"Sci-Fi",6.29800884955752,452
267,"wheat",1995,39798.1799147762,-3780.5921341274,"Short",6.6487684729064,812
267,"wheat",1995,39798.1799147762,-3780.5921341274,"Sport",6.62269736842105,304
267,"wheat",1995,39798.1799147762,-3780.5921341274,"Talk-Show",6.84150943396226,159
267,"wheat",1995,39798.1799147762,-3780.5921341274,"Thriller",5.82674199623352,531
267,"wheat",1995,39798.1799147762,-3780.5921341274,"War",7.43155339805825,206
268,"wheat",1996,43894.4016005751,4096.2216857989,"Action",6.92350443844076,2591
268,"wheat",1996,43894.4016005751,4096.2216857989,"Adult",6.48270676691729,532
268,"wheat",1996,43894.4016005751,4096.2216857989,"Adventure",7.19391143911439,2168
268,"wheat",1996,43894.4016005751,4096.2216857989,"Animation",7.33894255210981,1967
268,"wheat",1996,43894.4016005751,4096.2216857989,"Biography",6.72935153583618,293
268,"wheat",1996,43894.4016005751,4096.2216857989,"Comedy",7.06263374485597,4860
268,"wheat",1996,43894.4016005751,4096.2216857989,"Crime",7.05163288288288,1776
268,"wheat",1996,43894.4016005751,4096.2216857989,"Documentary",7.20030326004549,1319
268,"wheat",1996,43894.4016005751,4096.2216857989,"Drama",6.97454508280515,4891
268,"wheat",1996,43894.4016005751,4096.2216857989,"Family",7.22015838732901,1389
268,"wheat",1996,43894.4016005751,4096.2216857989,"Fantasy",6.829793977813,631
268,"wheat",1996,43894.4016005751,4096.2216857989,"History",7.22016129032258,248
268,"wheat",1996,43894.4016005751,4096.2216857989,"Horror",5.93832923832924,407
268,"wheat",1996,43894.4016005751,4096.2216857989,"Music",7.35653153153153,444
268,"wheat",1996,43894.4016005751,4096.2216857989,"Musical",6.61739130434783,92
268,"wheat",1996,43894.4016005751,4096.2216857989,"Mystery",7.24782608695652,736
268,"wheat",1996,43894.4016005751,4096.2216857989,"Other",6.63728323699422,346
268,"wheat",1996,43894.4016005751,4096.2216857989,"Romance",6.85032021957914,1093
268,"wheat",1996,43894.4016005751,4096.2216857989,"Sci-Fi",6.34665127020785,433
268,"wheat",1996,43894.4016005751,4096.2216857989,"Short",6.66135371179039,916
268,"wheat",1996,43894.4016005751,4096.2216857989,"Sport",6.6463768115942,345
268,"wheat",1996,43894.4016005751,4096.2216857989,"Talk-Show",6.59444444444444,306
268,"wheat",1996,43894.4016005751,4096.2216857989,"Thriller",5.92202166064982,554
268,"wheat",1996,43894.4016005751,4096.2216857989,"War",7.19345794392523,107
269,"wheat",1997,43299.928356831,-594.473243744098,"Action",7.00343362831858,2825
269,"wheat",1997,43299.928356831,-594.473243744098,"Adult",6.51852551984877,529
269,"wheat",1997,43299.928356831,-594.473243744098,"Adventure",7.16485647788984,2578
269,"wheat",1997,43299.928356831,-594.473243744098,"Animation",7.37197278911565,2205
269,"wheat",1997,43299.928356831,-594.473243744098,"Biography",7.10925925925926,324
269,"wheat",1997,43299.928356831,-594.473243744098,"Comedy",6.9587835354649,5442
269,"wheat",1997,43299.928356831,-594.473243744098,"Crime",7.04979057591623,1910
269,"wheat",1997,43299.928356831,-594.473243744098,"Documentary",7.22206381534284,1473
269,"wheat",1997,43299.928356831,-594.473243744098,"Drama",6.94723082881487,5164
269,"wheat",1997,43299.928356831,-594.473243744098,"Family",6.90176553672316,1416
269,"wheat",1997,43299.928356831,-594.473243744098,"Fantasy",6.52556480380499,841
269,"wheat",1997,43299.928356831,-594.473243744098,"History",7.33479318734793,411
269,"wheat",1997,43299.928356831,-594.473243744098,"Horror",5.85926892950392,383
269,"wheat",1997,43299.928356831,-594.473243744098,"Music",7.03300395256917,506
269,"wheat",1997,43299.928356831,-594.473243744098,"Musical",5.81120331950207,241
269,"wheat",1997,43299.928356831,-594.473243744098,"Mystery",7.31002506265664,798
269,"wheat",1997,43299.928356831,-594.473243744098,"Other",6.01017964071856,334
269,"wheat",1997,43299.928356831,-594.473243744098,"Romance",6.80284360189573,1266
269,"wheat",1997,43299.928356831,-594.473243744098,"Sci-Fi",6.43301204819277,415
269,"wheat",1997,43299.928356831,-594.473243744098,"Short",6.67192118226601,1015
269,"wheat",1997,43299.928356831,-594.473243744098,"Sport",6.72521994134897,341
269,"wheat",1997,43299.928356831,-594.473243744098,"Talk-Show",5.63021390374332,374
269,"wheat",1997,43299.928356831,-594.473243744098,"Thriller",5.95080500894454,559
269,"wheat",1997,43299.928356831,-594.473243744098,"War",7.01848739495798,119
270,"wheat",1998,44115.4337790217,815.505422190705,"Action",6.96415532691669,3013
270,"wheat",1998,44115.4337790217,815.505422190705,"Adult",6.52848837209302,516
270,"wheat",1998,44115.4337790217,815.505422190705,"Adventure",7.16375650780937,2497
270,"wheat",1998,44115.4337790217,815.505422190705,"Animation",7.28402178847027,2203
270,"wheat",1998,44115.4337790217,815.505422190705,"Biography",6.97472527472527,364
270,"wheat",1998,44115.4337790217,815.505422190705,"Comedy",6.96455445544554,5555
270,"wheat",1998,44115.4337790217,815.505422190705,"Crime",7.06328754144955,2111
270,"wheat",1998,44115.4337790217,815.505422190705,"Documentary",7.1782412626832,1774
270,"wheat",1998,44115.4337790217,815.505422190705,"Drama",6.97336936265375,5366
270,"wheat",1998,44115.4337790217,815.505422190705,"Family",6.71688311688312,1309
270,"wheat",1998,44115.4337790217,815.505422190705,"Fantasy",6.29369797859691,841
270,"wheat",1998,44115.4337790217,815.505422190705,"History",7.41180555555556,288
270,"wheat",1998,44115.4337790217,815.505422190705,"Horror",5.81457489878543,494
270,"wheat",1998,44115.4337790217,815.505422190705,"Music",7.05496828752643,473
270,"wheat",1998,44115.4337790217,815.505422190705,"Musical",5.04226804123711,194
270,"wheat",1998,44115.4337790217,815.505422190705,"Mystery",7.31616541353383,798
270,"wheat",1998,44115.4337790217,815.505422190705,"Other",6.128,425
270,"wheat",1998,44115.4337790217,815.505422190705,"Romance",6.83554175293306,1449
270,"wheat",1998,44115.4337790217,815.505422190705,"Sci-Fi",6.5178970917226,447
270,"wheat",1998,44115.4337790217,815.505422190705,"Short",6.72970069071374,1303
270,"wheat",1998,44115.4337790217,815.505422190705,"Sport",6.70887949260042,473
270,"wheat",1998,44115.4337790217,815.505422190705,"Talk-Show",5.51261261261261,333
270,"wheat",1998,44115.4337790217,815.505422190705,"Thriller",6.08590831918506,589
270,"wheat",1998,44115.4337790217,815.505422190705,"War",7.14166666666667,144
271,"wheat",1999,45514.293301357,1398.8595223353,"Action",6.98412204234122,3212
271,"wheat",1999,45514.293301357,1398.8595223353,"Adult",6.63460869565217,575
271,"wheat",1999,45514.293301357,1398.8595223353,"Adventure",7.17402805611222,2495
271,"wheat",1999,45514.293301357,1398.8595223353,"Animation",7.27121451104101,2536
271,"wheat",1999,45514.293301357,1398.8595223353,"Biography",6.97815533980583,412
271,"wheat",1999,45514.293301357,1398.8595223353,"Comedy",6.95653953183827,6109
271,"wheat",1999,45514.293301357,1398.8595223353,"Crime",7.02723995880535,1942
271,"wheat",1999,45514.293301357,1398.8595223353,"Documentary",7.15432645034415,2034
271,"wheat",1999,45514.293301357,1398.8595223353,"Drama",6.92693856998993,5958
271,"wheat",1999,45514.293301357,1398.8595223353,"Family",7.05830235439901,1614
271,"wheat",1999,45514.293301357,1398.8595223353,"Fantasy",6.50764075067024,746
271,"wheat",1999,45514.293301357,1398.8595223353,"History",7.40326086956522,460
271,"wheat",1999,45514.293301357,1398.8595223353,"Horror",5.96684397163121,564
271,"wheat",1999,45514.293301357,1398.8595223353,"Music",6.96265486725664,565
271,"wheat",1999,45514.293301357,1398.8595223353,"Musical",5.26,115
271,"wheat",1999,45514.293301357,1398.8595223353,"Mystery",7.35493133583021,801
271,"wheat",1999,45514.293301357,1398.8595223353,"Other",6.50171821305842,291
271,"wheat",1999,45514.293301357,1398.8595223353,"Romance",6.80304449648712,1708
271,"wheat",1999,45514.293301357,1398.8595223353,"Sci-Fi",6.50286343612335,454
271,"wheat",1999,45514.293301357,1398.8595223353,"Short",6.60245591939547,1588
271,"wheat",1999,45514.293301357,1398.8595223353,"Sport",6.65133470225873,487
271,"wheat",1999,45514.293301357,1398.8595223353,"Talk-Show",6.25970695970696,273
271,"wheat",1999,45514.293301357,1398.8595223353,"Thriller",5.89983896940419,621
271,"wheat",1999,45514.293301357,1398.8595223353,"War",7.32088607594937,158
272,"wheat",2000,43244.789381546,-2269.503919811,"Action",6.93390216154721,3516
272,"wheat",2000,43244.789381546,-2269.503919811,"Adult",6.65238095238095,588
272,"wheat",2000,43244.789381546,-2269.503919811,"Adventure",7.02269158878505,2675
272,"wheat",2000,43244.789381546,-2269.503919811,"Animation",7.18362863217576,2822
272,"wheat",2000,43244.789381546,-2269.503919811,"Biography",7.01370143149284,489
272,"wheat",2000,43244.789381546,-2269.503919811,"Comedy",6.99127416955875,6051
272,"wheat",2000,43244.789381546,-2269.503919811,"Crime",7.03936120244246,2129
272,"wheat",2000,43244.789381546,-2269.503919811,"Documentary",7.0653895824365,2323
272,"wheat",2000,43244.789381546,-2269.503919811,"Drama",7.10999521759924,6273
272,"wheat",2000,43244.789381546,-2269.503919811,"Family",7.05932721712538,1635
272,"wheat",2000,43244.789381546,-2269.503919811,"Fantasy",6.54622871046229,822
272,"wheat",2000,43244.789381546,-2269.503919811,"History",7.4662037037037,432
272,"wheat",2000,43244.789381546,-2269.503919811,"Horror",5.9034965034965,715
272,"wheat",2000,43244.789381546,-2269.503919811,"Music",6.96813186813187,546
272,"wheat",2000,43244.789381546,-2269.503919811,"Musical",6.02272727272727,132
272,"wheat",2000,43244.789381546,-2269.503919811,"Mystery",7.21426966292135,890
272,"wheat",2000,43244.789381546,-2269.503919811,"Other",6.18958333333333,432
272,"wheat",2000,43244.789381546,-2269.503919811,"Romance",6.93972081218274,1576
272,"wheat",2000,43244.789381546,-2269.503919811,"Sci-Fi",6.64704684317719,491
272,"wheat",2000,43244.789381546,-2269.503919811,"Short",6.67538779731127,1934
272,"wheat",2000,43244.789381546,-2269.503919811,"Sport",6.38038461538462,520
272,"wheat",2000,43244.789381546,-2269.503919811,"Talk-Show",6.24811715481172,239
272,"wheat",2000,43244.789381546,-2269.503919811,"Thriller",5.78828125,640
272,"wheat",2000,43244.789381546,-2269.503919811,"War",7.18639053254438,169
273,"wheat",2001,44991.1858838107,1746.3965022647,"Action",6.98802021403092,3364
273,"wheat",2001,44991.1858838107,1746.3965022647,"Adult",6.56009316770186,644
273,"wheat",2001,44991.1858838107,1746.3965022647,"Adventure",7.13062352012628,2534
273,"wheat",2001,44991.1858838107,1746.3965022647,"Animation",7.20610526315789,2850
273,"wheat",2001,44991.1858838107,1746.3965022647,"Biography",6.96637554585153,458
273,"wheat",2001,44991.1858838107,1746.3965022647,"Comedy",7.03318604296815,6563
273,"wheat",2001,44991.1858838107,1746.3965022647,"Crime",6.89991063449509,2238
273,"wheat",2001,44991.1858838107,1746.3965022647,"Documentary",7.21319926873857,2735
273,"wheat",2001,44991.1858838107,1746.3965022647,"Drama",7.13027758007117,7025
273,"wheat",2001,44991.1858838107,1746.3965022647,"Family",7.21192758253461,1878
273,"wheat",2001,44991.1858838107,1746.3965022647,"Fantasy",6.82438524590164,976
273,"wheat",2001,44991.1858838107,1746.3965022647,"History",7.49837962962963,432
273,"wheat",2001,44991.1858838107,1746.3965022647,"Horror",5.89121212121212,660
273,"wheat",2001,44991.1858838107,1746.3965022647,"Music",7.11565096952909,722
273,"wheat",2001,44991.1858838107,1746.3965022647,"Musical",6.1521472392638,163
273,"wheat",2001,44991.1858838107,1746.3965022647,"Mystery",7.23746065057713,953
273,"wheat",2001,44991.1858838107,1746.3965022647,"Other",6.7539393939394,495
273,"wheat",2001,44991.1858838107,1746.3965022647,"Romance",6.96110244409776,1923
273,"wheat",2001,44991.1858838107,1746.3965022647,"Sci-Fi",6.7723259762309,589
273,"wheat",2001,44991.1858838107,1746.3965022647,"Short",6.69995433789954,2190
273,"wheat",2001,44991.1858838107,1746.3965022647,"Sport",6.86745182012848,467
273,"wheat",2001,44991.1858838107,1746.3965022647,"Talk-Show",6.37166666666667,300
273,"wheat",2001,44991.1858838107,1746.3965022647,"Thriller",5.76003236245955,618
273,"wheat",2001,44991.1858838107,1746.3965022647,"War",7.19943181818182,176
274,"wheat",2002,42828.6511985753,-2162.5346852354,"Action",6.9790811904074,3461
274,"wheat",2002,42828.6511985753,-2162.5346852354,"Adult",6.65557299843014,637
274,"wheat",2002,42828.6511985753,-2162.5346852354,"Adventure",7.19633982538616,2978
274,"wheat",2002,42828.6511985753,-2162.5346852354,"Animation",7.20312215822977,3299
274,"wheat",2002,42828.6511985753,-2162.5346852354,"Biography",6.92048780487805,410
274,"wheat",2002,42828.6511985753,-2162.5346852354,"Comedy",6.97758369723435,6870
274,"wheat",2002,42828.6511985753,-2162.5346852354,"Crime",7.07546125461255,2168
274,"wheat",2002,42828.6511985753,-2162.5346852354,"Documentary",7.14270592127026,3023
274,"wheat",2002,42828.6511985753,-2162.5346852354,"Drama",7.09963734049698,7445
274,"wheat",2002,42828.6511985753,-2162.5346852354,"Family",7.02642369020501,1756
274,"wheat",2002,42828.6511985753,-2162.5346852354,"Fantasy",6.7214709371293,843
274,"wheat",2002,42828.6511985753,-2162.5346852354,"History",7.29926650366748,409
274,"wheat",2002,42828.6511985753,-2162.5346852354,"Horror",5.71154401154401,693
274,"wheat",2002,42828.6511985753,-2162.5346852354,"Music",6.94195624195624,777
274,"wheat",2002,42828.6511985753,-2162.5346852354,"Musical",6.832,150
274,"wheat",2002,42828.6511985753,-2162.5346852354,"Mystery",7.20052465897167,953
274,"wheat",2002,42828.6511985753,-2162.5346852354,"Other",6.28085808580858,606
274,"wheat",2002,42828.6511985753,-2162.5346852354,"Romance",6.80668069437138,1901
274,"wheat",2002,42828.6511985753,-2162.5346852354,"Sci-Fi",6.7819734345351,527
274,"wheat",2002,42828.6511985753,-2162.5346852354,"Short",6.72030692362598,2802
274,"wheat",2002,42828.6511985753,-2162.5346852354,"Sport",6.72833333333333,540
274,"wheat",2002,42828.6511985753,-2162.5346852354,"Talk-Show",6.08660130718954,306
274,"wheat",2002,42828.6511985753,-2162.5346852354,"Thriller",6.13081481481481,675
274,"wheat",2002,42828.6511985753,-2162.5346852354,"War",6.98857142857143,175
275,"wheat",2003,44934.4352866942,2105.7840881189,"Action",7.09384696292401,3803
275,"wheat",2003,44934.4352866942,2105.7840881189,"Adult",6.55618631732169,687
275,"wheat",2003,44934.4352866942,2105.7840881189,"Adventure",7.27391304347826,3220
275,"wheat",2003,44934.4352866942,2105.7840881189,"Animation",7.24193905817175,3610
275,"wheat",2003,44934.4352866942,2105.7840881189,"Biography",7.00566502463054,406
275,"wheat",2003,44934.4352866942,2105.7840881189,"Comedy",6.92692678891493,7253
275,"wheat",2003,44934.4352866942,2105.7840881189,"Crime",7.11276505513147,2358
275,"wheat",2003,44934.4352866942,2105.7840881189,"Documentary",7.08775510204082,3626
275,"wheat",2003,44934.4352866942,2105.7840881189,"Drama",7.12569803516029,7736
275,"wheat",2003,44934.4352866942,2105.7840881189,"Family",7.0452296819788,1698
275,"wheat",2003,44934.4352866942,2105.7840881189,"Fantasy",6.85158371040724,884
275,"wheat",2003,44934.4352866942,2105.7840881189,"History",7.48904847396768,557
275,"wheat",2003,44934.4352866942,2105.7840881189,"Horror",5.7609819121447,774
275,"wheat",2003,44934.4352866942,2105.7840881189,"Music",6.67396386822529,941
275,"wheat",2003,44934.4352866942,2105.7840881189,"Musical",6.38674698795181,166
275,"wheat",2003,44934.4352866942,2105.7840881189,"Mystery",7.24451038575668,1011
275,"wheat",2003,44934.4352866942,2105.7840881189,"Other",6.05847568988174,761
275,"wheat",2003,44934.4352866942,2105.7840881189,"Romance",6.83411826268969,1911
275,"wheat",2003,44934.4352866942,2105.7840881189,"Sci-Fi",6.51274509803922,510
275,"wheat",2003,44934.4352866942,2105.7840881189,"Short",6.75318694724001,3279
275,"wheat",2003,44934.4352866942,2105.7840881189,"Sport",6.99736842105263,456
275,"wheat",2003,44934.4352866942,2105.7840881189,"Talk-Show",6.11777251184834,422
275,"wheat",2003,44934.4352866942,2105.7840881189,"Thriller",6.0474043715847,732
275,"wheat",2003,44934.4352866942,2105.7840881189,"War",7.04522292993631,157
276,"wheat",2004,47613.5182056054,2679.0829189112,"Action",7.12860163891092,3783
276,"wheat",2004,47613.5182056054,2679.0829189112,"Adult",6.66710875331565,754
276,"wheat",2004,47613.5182056054,2679.0829189112,"Adventure",7.27427854454203,3188
276,"wheat",2004,47613.5182056054,2679.0829189112,"Animation",7.2377239199157,3796
276,"wheat",2004,47613.5182056054,2679.0829189112,"Biography",7.13758099352052,463
276,"wheat",2004,47613.5182056054,2679.0829189112,"Comedy",6.92940685045948,8379
276,"wheat",2004,47613.5182056054,2679.0829189112,"Crime",7.30657948508378,2447
276,"wheat",2004,47613.5182056054,2679.0829189112,"Documentary",7.14302562939442,4409
276,"wheat",2004,47613.5182056054,2679.0829189112,"Drama",7.10425055928412,8046
276,"wheat",2004,47613.5182056054,2679.0829189112,"Family",7.14618696186962,1626
276,"wheat",2004,47613.5182056054,2679.0829189112,"Fantasy",7.02067156348374,953
276,"wheat",2004,47613.5182056054,2679.0829189112,"History",7.66351931330472,699
276,"wheat",2004,47613.5182056054,2679.0829189112,"Horror",5.84227129337539,951
276,"wheat",2004,47613.5182056054,2679.0829189112,"Music",6.7269621421976,1083
276,"wheat",2004,47613.5182056054,2679.0829189112,"Musical",6.73818181818182,165
276,"wheat",2004,47613.5182056054,2679.0829189112,"Mystery",7.2269477543538,1091
276,"wheat",2004,47613.5182056054,2679.0829189112,"Other",5.95509783728115,971
276,"wheat",2004,47613.5182056054,2679.0829189112,"Romance",6.80166585007349,2041
276,"wheat",2004,47613.5182056054,2679.0829189112,"Sci-Fi",6.553911205074,473
276,"wheat",2004,47613.5182056054,2679.0829189112,"Short",6.88909512761021,4310
276,"wheat",2004,47613.5182056054,2679.0829189112,"Sport",6.98292253521127,568
276,"wheat",2004,47613.5182056054,2679.0829189112,"Talk-Show",6.33369713506139,733
276,"wheat",2004,47613.5182056054,2679.0829189112,"Thriller",6.21326530612245,784
276,"wheat",2004,47613.5182056054,2679.0829189112,"War",7.26171875,256
277,"wheat",2005,46288.4983805181,-1325.01982508731,"Action",7.11574884199691,3886
277,"wheat",2005,46288.4983805181,-1325.01982508731,"Adult",6.82782051282051,780
277,"wheat",2005,46288.4983805181,-1325.01982508731,"Adventure",7.39850662158354,3549
277,"wheat",2005,46288.4983805181,-1325.01982508731,"Animation",7.37412155745489,4212
277,"wheat",2005,46288.4983805181,-1325.01982508731,"Biography",7.05631691648822,467
277,"wheat",2005,46288.4983805181,-1325.01982508731,"Comedy",7.00267884635123,9743
277,"wheat",2005,46288.4983805181,-1325.01982508731,"Crime",7.31173657100809,2718
277,"wheat",2005,46288.4983805181,-1325.01982508731,"Documentary",7.21298921091601,4727
277,"wheat",2005,46288.4983805181,-1325.01982508731,"Drama",7.12572955199342,9732
277,"wheat",2005,46288.4983805181,-1325.01982508731,"Family",7.22235477178423,1928
277,"wheat",2005,46288.4983805181,-1325.01982508731,"Fantasy",7.08908145580589,1154
277,"wheat",2005,46288.4983805181,-1325.01982508731,"History",7.32447844228095,719
277,"wheat",2005,46288.4983805181,-1325.01982508731,"Horror",5.76285979572888,1077
277,"wheat",2005,46288.4983805181,-1325.01982508731,"Music",6.74270664505673,1234
277,"wheat",2005,46288.4983805181,-1325.01982508731,"Musical",6.90432432432432,185
277,"wheat",2005,46288.4983805181,-1325.01982508731,"Mystery",7.29337431693989,1464
277,"wheat",2005,46288.4983805181,-1325.01982508731,"Other",6.17995028997515,1207
277,"wheat",2005,46288.4983805181,-1325.01982508731,"Romance",6.81268251981644,2397
277,"wheat",2005,46288.4983805181,-1325.01982508731,"Sci-Fi",6.66435452793834,519
277,"wheat",2005,46288.4983805181,-1325.01982508731,"Short",6.91885125184094,4753
277,"wheat",2005,46288.4983805181,-1325.01982508731,"Sport",7.00310650887574,676
277,"wheat",2005,46288.4983805181,-1325.01982508731,"Talk-Show",6.08798235942668,907
277,"wheat",2005,46288.4983805181,-1325.01982508731,"Thriller",6.37704918032787,915
277,"wheat",2005,46288.4983805181,-1325.01982508731,"War",7.09683257918552,221
278,"wheat",2006,47527.9248125972,1239.4264320791,"Action",7.05544106559437,3979
278,"wheat",2006,47527.9248125972,1239.4264320791,"Adult",6.78277777777778,720
278,"wheat",2006,47527.9248125972,1239.4264320791,"Adventure",7.23182849936948,3965
278,"wheat",2006,47527.9248125972,1239.4264320791,"Animation",7.28730745532964,4869
278,"wheat",2006,47527.9248125972,1239.4264320791,"Biography",7.17781954887218,532
278,"wheat",2006,47527.9248125972,1239.4264320791,"Comedy",6.98604651162791,10621
278,"wheat",2006,47527.9248125972,1239.4264320791,"Crime",7.1513475177305,2820
278,"wheat",2006,47527.9248125972,1239.4264320791,"Documentary",7.22308151093439,5030
278,"wheat",2006,47527.9248125972,1239.4264320791,"Drama",7.06434034416826,10460
278,"wheat",2006,47527.9248125972,1239.4264320791,"Family",6.94385964912281,2223
278,"wheat",2006,47527.9248125972,1239.4264320791,"Fantasy",7.03365455893254,1349
278,"wheat",2006,47527.9248125972,1239.4264320791,"History",7.28696808510638,752
278,"wheat",2006,47527.9248125972,1239.4264320791,"Horror",5.70702028081123,1282
278,"wheat",2006,47527.9248125972,1239.4264320791,"Music",6.79144385026738,1309
278,"wheat",2006,47527.9248125972,1239.4264320791,"Musical",6.6565445026178,191
278,"wheat",2006,47527.9248125972,1239.4264320791,"Mystery",7.24753127057275,1519
278,"wheat",2006,47527.9248125972,1239.4264320791,"Other",6.36289818863211,1601
278,"wheat",2006,47527.9248125972,1239.4264320791,"Romance",6.82303664921466,2483
278,"wheat",2006,47527.9248125972,1239.4264320791,"Sci-Fi",6.70448833034111,557
278,"wheat",2006,47527.9248125972,1239.4264320791,"Short",6.95232722143865,4963
278,"wheat",2006,47527.9248125972,1239.4264320791,"Sport",7.01750841750842,891
278,"wheat",2006,47527.9248125972,1239.4264320791,"Talk-Show",6.40616113744076,1055
278,"wheat",2006,47527.9248125972,1239.4264320791,"Thriller",6.15630797773655,1078
278,"wheat",2006,47527.9248125972,1239.4264320791,"War",7.14809160305343,262
279,"wheat",2007,45310.6126031354,-2217.3122094618,"Action",7.10266415500538,3716
279,"wheat",2007,45310.6126031354,-2217.3122094618,"Adult",6.81313320825516,533
279,"wheat",2007,45310.6126031354,-2217.3122094618,"Adventure",7.26424932574168,3337
279,"wheat",2007,45310.6126031354,-2217.3122094618,"Animation",7.31449676823638,4332
279,"wheat",2007,45310.6126031354,-2217.3122094618,"Biography",7.15825688073395,436
279,"wheat",2007,45310.6126031354,-2217.3122094618,"Comedy",7.00110366168128,9695
279,"wheat",2007,45310.6126031354,-2217.3122094618,"Crime",7.13834738617201,2965
279,"wheat",2007,45310.6126031354,-2217.3122094618,"Documentary",7.26605005440696,4595
279,"wheat",2007,45310.6126031354,-2217.3122094618,"Drama",7.00258317418836,9949
279,"wheat",2007,45310.6126031354,-2217.3122094618,"Family",7.06946406314915,2407
279,"wheat",2007,45310.6126031354,-2217.3122094618,"Fantasy",7.00220848056537,1132
279,"wheat",2007,45310.6126031354,-2217.3122094618,"History",7.39336016096579,994
279,"wheat",2007,45310.6126031354,-2217.3122094618,"Horror",5.73173605655931,1273
279,"wheat",2007,45310.6126031354,-2217.3122094618,"Music",6.887265917603,1068
279,"wheat",2007,45310.6126031354,-2217.3122094618,"Musical",6.83204419889503,181
279,"wheat",2007,45310.6126031354,-2217.3122094618,"Mystery",7.20828571428571,1400
279,"wheat",2007,45310.6126031354,-2217.3122094618,"Other",6.3496577946768,1315
279,"wheat",2007,45310.6126031354,-2217.3122094618,"Romance",6.80506726457399,2230
279,"wheat",2007,45310.6126031354,-2217.3122094618,"Sci-Fi",6.58195718654434,654
279,"wheat",2007,45310.6126031354,-2217.3122094618,"Short",6.93509252912954,4377
279,"wheat",2007,45310.6126031354,-2217.3122094618,"Sport",7.16264534883721,688
279,"wheat",2007,45310.6126031354,-2217.3122094618,"Talk-Show",6.61225490196078,816
279,"wheat",2007,45310.6126031354,-2217.3122094618,"Thriller",6.08840284842319,983
279,"wheat",2007,45310.6126031354,-2217.3122094618,"War",7.27389937106918,318
280,"wheat",2008,48499.8893545177,3189.2767513823,"Action",7.059766615931,3942
280,"wheat",2008,48499.8893545177,3189.2767513823,"Adult",6.79208074534161,644
280,"wheat",2008,48499.8893545177,3189.2767513823,"Adventure",7.25361077111383,3268
280,"wheat",2008,48499.8893545177,3189.2767513823,"Animation",7.2814348785872,4530
280,"wheat",2008,48499.8893545177,3189.2767513823,"Biography",7.22503888024883,643
280,"wheat",2008,48499.8893545177,3189.2767513823,"Comedy",6.96778673400019,10297
280,"wheat",2008,48499.8893545177,3189.2767513823,"Crime",7.11785334750266,2823
280,"wheat",2008,48499.8893545177,3189.2767513823,"Documentary",7.28353524229075,5448
280,"wheat",2008,48499.8893545177,3189.2767513823,"Drama",7.02104483141904,10796
280,"wheat",2008,48499.8893545177,3189.2767513823,"Family",6.96434443963652,2311
280,"wheat",2008,48499.8893545177,3189.2767513823,"Fantasy",7.04183123877917,1114
280,"wheat",2008,48499.8893545177,3189.2767513823,"History",7.43201834862385,1090
280,"wheat",2008,48499.8893545177,3189.2767513823,"Horror",5.78365730741541,1389
280,"wheat",2008,48499.8893545177,3189.2767513823,"Music",7.05690235690236,1188
280,"wheat",2008,48499.8893545177,3189.2767513823,"Musical",6.70169491525424,236
280,"wheat",2008,48499.8893545177,3189.2767513823,"Mystery",7.22365512159175,1357
280,"wheat",2008,48499.8893545177,3189.2767513823,"Other",6.27857142857143,1526
280,"wheat",2008,48499.8893545177,3189.2767513823,"Romance",6.73053790766624,2361
280,"wheat",2008,48499.8893545177,3189.2767513823,"Sci-Fi",6.45805142083897,739
280,"wheat",2008,48499.8893545177,3189.2767513823,"Short",6.94154706430569,5365
280,"wheat",2008,48499.8893545177,3189.2767513823,"Sport",7.16213183730715,713
280,"wheat",2008,48499.8893545177,3189.2767513823,"Talk-Show",6.29561403508772,912
280,"wheat",2008,48499.8893545177,3189.2767513823,"Thriller",6.30162308385933,1109
280,"wheat",2008,48499.8893545177,3189.2767513823,"War",7.30498442367601,321
281,"wheat",2009,48037.748052083,-462.141302434698,"Action",7.08876946698837,4559
281,"wheat",2009,48037.748052083,-462.141302434698,"Adult",6.59090909090909,561
281,"wheat",2009,48037.748052083,-462.141302434698,"Adventure",7.29895965490992,3941
281,"wheat",2009,48037.748052083,-462.141302434698,"Animation",7.2940310880829,4825
281,"wheat",2009,48037.748052083,-462.141302434698,"Biography",7.31806615776081,786
281,"wheat",2009,48037.748052083,-462.141302434698,"Comedy",7.02328042328042,12285
281,"wheat",2009,48037.748052083,-462.141302434698,"Crime",7.19427580225499,3459
281,"wheat",2009,48037.748052083,-462.141302434698,"Documentary",7.35274945679425,5983
281,"wheat",2009,48037.748052083,-462.141302434698,"Drama",7.04568675076393,12763
281,"wheat",2009,48037.748052083,-462.141302434698,"Family",7.14460486322188,2632
281,"wheat",2009,48037.748052083,-462.141302434698,"Fantasy",6.98973977695167,1345
281,"wheat",2009,48037.748052083,-462.141302434698,"History",7.40178837555887,1342
281,"wheat",2009,48037.748052083,-462.141302434698,"Horror",5.95708430913349,1708
281,"wheat",2009,48037.748052083,-462.141302434698,"Music",7.11989978525412,1397
281,"wheat",2009,48037.748052083,-462.141302434698,"Musical",7.05880149812734,267
281,"wheat",2009,48037.748052083,-462.141302434698,"Mystery",7.15597519729425,1774
281,"wheat",2009,48037.748052083,-462.141302434698,"Other",6.85713425647201,1661
281,"wheat",2009,48037.748052083,-462.141302434698,"Romance",6.8028980052691,2657
281,"wheat",2009,48037.748052083,-462.141302434698,"Sci-Fi",6.66545988258317,1022
281,"wheat",2009,48037.748052083,-462.141302434698,"Short",6.98163995908626,5866
281,"wheat",2009,48037.748052083,-462.141302434698,"Sport",7.27747875354108,706
281,"wheat",2009,48037.748052083,-462.141302434698,"Talk-Show",7.10334101382488,868
281,"wheat",2009,48037.748052083,-462.141302434698,"Thriller",6.27571860816944,1322
281,"wheat",2009,48037.748052083,-462.141302434698,"War",7.25963541666667,384
282,"wheat",2010,49474.019039602,1436.270987519,"Action",7.1550070238812,4983
282,"wheat",2010,49474.019039602,1436.270987519,"Adult",6.59077181208054,596
282,"wheat",2010,49474.019039602,1436.270987519,"Adventure",7.32830235439901,4035
282,"wheat",2010,49474.019039602,1436.270987519,"Animation",7.26604150039904,5012
282,"wheat",2010,49474.019039602,1436.270987519,"Biography",7.23323671497585,1035
282,"wheat",2010,49474.019039602,1436.270987519,"Comedy",7.04728569237847,13042
282,"wheat",2010,49474.019039602,1436.270987519,"Crime",7.27063841496973,3634
282,"wheat",2010,49474.019039602,1436.270987519,"Documentary",7.37231673368388,6466
282,"wheat",2010,49474.019039602,1436.270987519,"Drama",7.09424686192469,13384
282,"wheat",2010,49474.019039602,1436.270987519,"Family",7.23244301994302,2808
282,"wheat",2010,49474.019039602,1436.270987519,"Fantasy",7.15646050214329,1633
282,"wheat",2010,49474.019039602,1436.270987519,"History",7.3461752433936,1438
282,"wheat",2010,49474.019039602,1436.270987519,"Horror",6.2010411502231,2017
282,"wheat",2010,49474.019039602,1436.270987519,"Music",7.1245492371706,1442
282,"wheat",2010,49474.019039602,1436.270987519,"Musical",6.88604651162791,258
282,"wheat",2010,49474.019039602,1436.270987519,"Mystery",7.26526757607555,1906
282,"wheat",2010,49474.019039602,1436.270987519,"Other",6.91695938529089,1822
282,"wheat",2010,49474.019039602,1436.270987519,"Romance",6.86421261142291,3029
282,"wheat",2010,49474.019039602,1436.270987519,"Sci-Fi",6.71268656716418,1072
282,"wheat",2010,49474.019039602,1436.270987519,"Short",6.98585537328423,5974
282,"wheat",2010,49474.019039602,1436.270987519,"Sport",7.19819915254237,944
282,"wheat",2010,49474.019039602,1436.270987519,"Talk-Show",6.90959367945824,886
282,"wheat",2010,49474.019039602,1436.270987519,"Thriller",6.39380764163373,1518
282,"wheat",2010,49474.019039602,1436.270987519,"War",7.18229813664596,322
283,"wheat",2011,43545.7552360147,-5928.2638035873,"Action",7.1593557472276,5681
283,"wheat",2011,43545.7552360147,-5928.2638035873,"Adult",6.33112701252236,559
283,"wheat",2011,43545.7552360147,-5928.2638035873,"Adventure",7.40324647586502,4682
283,"wheat",2011,43545.7552360147,-5928.2638035873,"Animation",7.30114739629303,5665
283,"wheat",2011,43545.7552360147,-5928.2638035873,"Biography",7.26935779816514,1090
283,"wheat",2011,43545.7552360147,-5928.2638035873,"Comedy",7.12485145282403,15315
283,"wheat",2011,43545.7552360147,-5928.2638035873,"Crime",7.2869864640228,4211
283,"wheat",2011,43545.7552360147,-5928.2638035873,"Documentary",7.40298744407562,6929
283,"wheat",2011,43545.7552360147,-5928.2638035873,"Drama",7.13637967297646,14739
283,"wheat",2011,43545.7552360147,-5928.2638035873,"Family",7.27438131753224,2869
283,"wheat",2011,43545.7552360147,-5928.2638035873,"Fantasy",7.08159871244635,1864
283,"wheat",2011,43545.7552360147,-5928.2638035873,"History",7.25799863852961,1469
283,"wheat",2011,43545.7552360147,-5928.2638035873,"Horror",6.26214482126489,2182
283,"wheat",2011,43545.7552360147,-5928.2638035873,"Music",7.16367628607277,1594
283,"wheat",2011,43545.7552360147,-5928.2638035873,"Musical",7.09198606271777,287
283,"wheat",2011,43545.7552360147,-5928.2638035873,"Mystery",7.22013218098627,1967
283,"wheat",2011,43545.7552360147,-5928.2638035873,"Other",7.08853556485355,2390
283,"wheat",2011,43545.7552360147,-5928.2638035873,"Romance",6.95276785714286,3360
283,"wheat",2011,43545.7552360147,-5928.2638035873,"Sci-Fi",6.90042301184433,1182
283,"wheat",2011,43545.7552360147,-5928.2638035873,"Short",7.03160637189221,6717
283,"wheat",2011,43545.7552360147,-5928.2638035873,"Sport",7.16452004860267,823
283,"wheat",2011,43545.7552360147,-5928.2638035873,"Talk-Show",7.13511859219587,1307
283,"wheat",2011,43545.7552360147,-5928.2638035873,"Thriller",6.450207223209,1689
283,"wheat",2011,43545.7552360147,-5928.2638035873,"War",6.91093247588424,311
284,"wheat",2012,42951.565989133,-594.189246881702,"Action",7.21018533978961,5989
284,"wheat",2012,42951.565989133,-594.189246881702,"Adult",6.21360424028269,566
284,"wheat",2012,42951.565989133,-594.189246881702,"Adventure",7.37523886968896,4919
284,"wheat",2012,42951.565989133,-594.189246881702,"Animation",7.32172478793591,6366
284,"wheat",2012,42951.565989133,-594.189246881702,"Biography",7.41923076923077,1326
284,"wheat",2012,42951.565989133,-594.189246881702,"Comedy",7.17412162162162,16280
284,"wheat",2012,42951.565989133,-594.189246881702,"Crime",7.35005478851633,4563
284,"wheat",2012,42951.565989133,-594.189246881702,"Documentary",7.41403785488959,7608
284,"wheat",2012,42951.565989133,-594.189246881702,"Drama",7.22948065485315,16309
284,"wheat",2012,42951.565989133,-594.189246881702,"Family",7.12892561983471,3267
284,"wheat",2012,42951.565989133,-594.189246881702,"Fantasy",7.19058441558442,2156
284,"wheat",2012,42951.565989133,-594.189246881702,"History",7.33244296048971,1797
284,"wheat",2012,42951.565989133,-594.189246881702,"Horror",6.28028052805281,2424
284,"wheat",2012,42951.565989133,-594.189246881702,"Music",7.13871527777778,1728
284,"wheat",2012,42951.565989133,-594.189246881702,"Musical",7.13556338028169,284
284,"wheat",2012,42951.565989133,-594.189246881702,"Mystery",7.23717703349282,2090
284,"wheat",2012,42951.565989133,-594.189246881702,"Other",6.96544276457883,2315
284,"wheat",2012,42951.565989133,-594.189246881702,"Romance",7.16850767085077,3585
284,"wheat",2012,42951.565989133,-594.189246881702,"Sci-Fi",6.79702380952381,1344
284,"wheat",2012,42951.565989133,-594.189246881702,"Short",7.0574649859944,7140
284,"wheat",2012,42951.565989133,-594.189246881702,"Sport",7.19867841409692,908
284,"wheat",2012,42951.565989133,-594.189246881702,"Talk-Show",7.09758378799688,1283
284,"wheat",2012,42951.565989133,-594.189246881702,"Thriller",6.73513243378311,2001
284,"wheat",2012,42951.565989133,-594.189246881702,"War",6.92777777777778,288
285,"wheat",2013,44410.9377947859,1459.3718056529,"Action",7.14479652065859,6438
285,"wheat",2013,44410.9377947859,1459.3718056529,"Adult",6.20480620155039,645
285,"wheat",2013,44410.9377947859,1459.3718056529,"Adventure",7.28737214059885,5377
285,"wheat",2013,44410.9377947859,1459.3718056529,"Animation",7.32323093382241,6543
285,"wheat",2013,44410.9377947859,1459.3718056529,"Biography",7.30433884297521,1452
285,"wheat",2013,44410.9377947859,1459.3718056529,"Comedy",7.11669437188316,16844
285,"wheat",2013,44410.9377947859,1459.3718056529,"Crime",7.33065507737969,4717
285,"wheat",2013,44410.9377947859,1459.3718056529,"Documentary",7.35499486389317,7788
285,"wheat",2013,44410.9377947859,1459.3718056529,"Drama",7.12301799838077,16057
285,"wheat",2013,44410.9377947859,1459.3718056529,"Family",7.27478210342824,3442
285,"wheat",2013,44410.9377947859,1459.3718056529,"Fantasy",7.12514677103718,2044
285,"wheat",2013,44410.9377947859,1459.3718056529,"History",7.35289817232376,1915
285,"wheat",2013,44410.9377947859,1459.3718056529,"Horror",6.20542168674699,2490
285,"wheat",2013,44410.9377947859,1459.3718056529,"Music",7.12484700122399,1634
285,"wheat",2013,44410.9377947859,1459.3718056529,"Musical",7.30505319148936,376
285,"wheat",2013,44410.9377947859,1459.3718056529,"Mystery",7.17065737919025,2297
285,"wheat",2013,44410.9377947859,1459.3718056529,"Other",7.01438906752412,2488
285,"wheat",2013,44410.9377947859,1459.3718056529,"Romance",7.03161222339305,3796
285,"wheat",2013,44410.9377947859,1459.3718056529,"Sci-Fi",6.885554866708,1613
285,"wheat",2013,44410.9377947859,1459.3718056529,"Short",6.96948283231229,7019
285,"wheat",2013,44410.9377947859,1459.3718056529,"Sport",7.32572145545797,797
285,"wheat",2013,44410.9377947859,1459.3718056529,"Talk-Show",7.06296296296296,1377
285,"wheat",2013,44410.9377947859,1459.3718056529,"Thriller",6.43405762871989,2117
285,"wheat",2013,44410.9377947859,1459.3718056529,"War",7.05893854748603,358
286,"wheat",2014,44001.2499622665,-409.687832519405,"Action",7.24194488992565,6859
286,"wheat",2014,44001.2499622665,-409.687832519405,"Adult",6.13157076205288,643
286,"wheat",2014,44001.2499622665,-409.687832519405,"Adventure",7.34681728527882,5577
286,"wheat",2014,44001.2499622665,-409.687832519405,"Animation",7.2854564132668,6814
286,"wheat",2014,44001.2499622665,-409.687832519405,"Biography",7.29029850746269,1608
286,"wheat",2014,44001.2499622665,-409.687832519405,"Comedy",7.15222017939718,17949
286,"wheat",2014,44001.2499622665,-409.687832519405,"Crime",7.36831924882629,5325
286,"wheat",2014,44001.2499622665,-409.687832519405,"Documentary",7.38915503129514,8308
286,"wheat",2014,44001.2499622665,-409.687832519405,"Drama",7.20394838556223,16817
286,"wheat",2014,44001.2499622665,-409.687832519405,"Family",7.14020085209982,3286
286,"wheat",2014,44001.2499622665,-409.687832519405,"Fantasy",7.16822388717497,2269
286,"wheat",2014,44001.2499622665,-409.687832519405,"History",7.52755102040816,2254
286,"wheat",2014,44001.2499622665,-409.687832519405,"Horror",6.17492354740061,2616
286,"wheat",2014,44001.2499622665,-409.687832519405,"Music",7.20129259694477,1702
286,"wheat",2014,44001.2499622665,-409.687832519405,"Musical",7.08025078369906,319
286,"wheat",2014,44001.2499622665,-409.687832519405,"Mystery",7.19429037520392,2452
286,"wheat",2014,44001.2499622665,-409.687832519405,"Other",7.12524822695035,2820
286,"wheat",2014,44001.2499622665,-409.687832519405,"Romance",7.11639458955224,4288
286,"wheat",2014,44001.2499622665,-409.687832519405,"Sci-Fi",6.95948372615039,1782
286,"wheat",2014,44001.2499622665,-409.687832519405,"Short",7.05667289182589,6961
286,"wheat",2014,44001.2499622665,-409.687832519405,"Sport",7.24090909090909,946
286,"wheat",2014,44001.2499622665,-409.687832519405,"Talk-Show",6.97519337016575,1810
286,"wheat",2014,44001.2499622665,-409.687832519405,"Thriller",6.45830748781568,2257
286,"wheat",2014,44001.2499622665,-409.687832519405,"War",7.6472049689441,644
287,"wheat",2015,37523.993591994,-6477.2563702725,"Action",7.13364589078875,7252
287,"wheat",2015,37523.993591994,-6477.2563702725,"Adult",6.31841620626151,543
287,"wheat",2015,37523.993591994,-6477.2563702725,"Adventure",7.24597775270031,6203
287,"wheat",2015,37523.993591994,-6477.2563702725,"Animation",7.34520665901263,6968
287,"wheat",2015,37523.993591994,-6477.2563702725,"Biography",7.25283687943262,1692
287,"wheat",2015,37523.993591994,-6477.2563702725,"Comedy",7.10937313432836,18425
287,"wheat",2015,37523.993591994,-6477.2563702725,"Crime",7.36181246726035,5727
287,"wheat",2015,37523.993591994,-6477.2563702725,"Documentary",7.27831069108092,8465
287,"wheat",2015,37523.993591994,-6477.2563702725,"Drama",7.18420184321311,17578
287,"wheat",2015,37523.993591994,-6477.2563702725,"Family",7.16811286407767,3296
287,"wheat",2015,37523.993591994,-6477.2563702725,"Fantasy",7.26320754716981,2544
287,"wheat",2015,37523.993591994,-6477.2563702725,"History",7.37447432762836,2045
287,"wheat",2015,37523.993591994,-6477.2563702725,"Horror",6.17671794871795,2925
287,"wheat",2015,37523.993591994,-6477.2563702725,"Music",7.10292807129217,1571
287,"wheat",2015,37523.993591994,-6477.2563702725,"Musical",7.01289398280802,349
287,"wheat",2015,37523.993591994,-6477.2563702725,"Mystery",7.15569230769231,2600
287,"wheat",2015,37523.993591994,-6477.2563702725,"Other",7.03975862068965,2900
287,"wheat",2015,37523.993591994,-6477.2563702725,"Romance",7.10870503597122,4170
287,"wheat",2015,37523.993591994,-6477.2563702725,"Sci-Fi",6.85981912144703,1548
287,"wheat",2015,37523.993591994,-6477.2563702725,"Short",7.03921810699589,7290
287,"wheat",2015,37523.993591994,-6477.2563702725,"Sport",7.29567567567568,925
287,"wheat",2015,37523.993591994,-6477.2563702725,"Talk-Show",6.87754090233019,2017
287,"wheat",2015,37523.993591994,-6477.2563702725,"Thriller",6.50216503267974,2448
287,"wheat",2015,37523.993591994,-6477.2563702725,"War",7.31216545012165,411
288,"wheat",2016,45504.3499013148,7980.3563093208,"Action",7.21536398981097,7459
288,"wheat",2016,45504.3499013148,7980.3563093208,"Adult",6.73098039215686,510
288,"wheat",2016,45504.3499013148,7980.3563093208,"Adventure",7.34394400486914,6572
288,"wheat",2016,45504.3499013148,7980.3563093208,"Animation",7.32618337440021,7711
288,"wheat",2016,45504.3499013148,7980.3563093208,"Biography",7.3350443599493,1578
288,"wheat",2016,45504.3499013148,7980.3563093208,"Comedy",7.14320900060815,19732
288,"wheat",2016,45504.3499013148,7980.3563093208,"Crime",7.3630594629156,6256
288,"wheat",2016,45504.3499013148,7980.3563093208,"Documentary",7.33872743284897,9084
288,"wheat",2016,45504.3499013148,7980.3563093208,"Drama",7.24628003575372,19019
288,"wheat",2016,45504.3499013148,7980.3563093208,"Family",7.19309242085066,3127
288,"wheat",2016,45504.3499013148,7980.3563093208,"Fantasy",7.26647123488457,2729
288,"wheat",2016,45504.3499013148,7980.3563093208,"History",7.49922161172161,2184
288,"wheat",2016,45504.3499013148,7980.3563093208,"Horror",6.12345337026777,3249
288,"wheat",2016,45504.3499013148,7980.3563093208,"Music",7.22904516866781,1749
288,"wheat",2016,45504.3499013148,7980.3563093208,"Musical",7.17602739726027,438
288,"wheat",2016,45504.3499013148,7980.3563093208,"Mystery",7.13700374531835,2670
288,"wheat",2016,45504.3499013148,7980.3563093208,"Other",7.06020976728941,3051
288,"wheat",2016,45504.3499013148,7980.3563093208,"Romance",7.18654359430605,4496
288,"wheat",2016,45504.3499013148,7980.3563093208,"Sci-Fi",6.8805023923445,1672
288,"wheat",2016,45504.3499013148,7980.3563093208,"Short",7.11547174358356,8299
288,"wheat",2016,45504.3499013148,7980.3563093208,"Sport",7.19232673267327,1212
288,"wheat",2016,45504.3499013148,7980.3563093208,"Talk-Show",6.81327294210319,2539
288,"wheat",2016,45504.3499013148,7980.3563093208,"Thriller",6.40405819295559,2612
288,"wheat",2016,45504.3499013148,7980.3563093208,"War",7.46635294117647,425
